seri,klasor,gorsel_sayisi,aciklamanin_ilk_satiri
bakim-takvimi,001-fiat-egea-mk1,1,"Fiat Egea (356 kasa · 2015’ten beri) bakım takvimi. Hangi parça kaç kilometrede ya da kaç ayda değişiyor, yaklaşık ne tu"
bakim-takvimi,002-volkswagen-golf-mk7,1,"Volkswagen Golf Mk7 (5G kasa · 2012–2020) bakım takvimi. Hangi parça kaç kilometrede ya da kaç ayda değişiyor, yaklaşık "
bakim-takvimi,003-toyota-corolla-e120,1,"Toyota Corolla E120 (E120 kasa · 2000–2007) bakım takvimi. Hangi parça kaç kilometrede ya da kaç ayda değişiyor, yaklaşı"
bakim-takvimi,004-hyundai-i20-pb,1,"Hyundai i20 Mk1 (PB kasa · 2008–2014) bakım takvimi. Hangi parça kaç kilometrede ya da kaç ayda değişiyor, yaklaşık ne t"
bakim-takvimi,005-skoda-octavia-mk4,1,"Škoda Octavia Mk4 (NX kasa · 2019’dan beri) bakım takvimi. Hangi parça kaç kilometrede ya da kaç ayda değişiyor, yaklaşı"
bakim-takvimi,006-kia-sportage-sl,1,"Kia Sportage Mk3 (SL kasa · 2010–2015) bakım takvimi. Hangi parça kaç kilometrede ya da kaç ayda değişiyor, yaklaşık ne "
bakim-takvimi,007-nissan-qashqai-j12,1,"Nissan Qashqai J12 (J12 kasa · 2021’den beri) bakım takvimi. Hangi parça kaç kilometrede ya da kaç ayda değişiyor, yakla"
bakim-takvimi,008-audi-a3-8y,1,"Audi A3 8Y (8Y kasa · 2020’den beri) bakım takvimi. Hangi parça kaç kilometrede ya da kaç ayda değişiyor, yaklaşık ne tu"
bakim-takvimi,009-byd-atto-3-mk1,1,"BYD Atto 3 (SC2E kasa · 2023’ten beri) bakım takvimi. Hangi parça kaç kilometrede ya da kaç ayda değişiyor, yaklaşık ne "
bakim-takvimi,010-honda-civic-fc,1,"Honda Civic 10. nesil (FC/FK kasa · 2016–2021) bakım takvimi. Hangi parça kaç kilometrede ya da kaç ayda değişiyor, yakl"
bakim-takvimi,011-cupra-formentor-mk1,1,"Cupra Formentor 1. Nesil (KM kasa · 2020’den beri) bakım takvimi. Hangi parça kaç kilometrede ya da kaç ayda değişiyor, "
bakim-takvimi,012-tesla-model-y-mk1,1,"Tesla Model Y (2022’den beri) bakım takvimi. Hangi parça kaç kilometrede ya da kaç ayda değişiyor, yaklaşık ne tutuyor?"
bakim-takvimi,013-seat-leon-mk3,1,"SEAT Leon Mk3 (5F kasa · 2012–2020) bakım takvimi. Hangi parça kaç kilometrede ya da kaç ayda değişiyor, yaklaşık ne tut"
bakim-takvimi,014-fiat-linea-mk1,1,"Fiat Linea (323 kasa · 2007–2016) bakım takvimi. Hangi parça kaç kilometrede ya da kaç ayda değişiyor, yaklaşık ne tutuy"
bakim-takvimi,015-volkswagen-golf-mk5,1,"Volkswagen Golf Mk5 (1K kasa · 2003–2008) bakım takvimi. Hangi parça kaç kilometrede ya da kaç ayda değişiyor, yaklaşık "
bakim-takvimi,016-toyota-corolla-e210,1,"Toyota Corolla E210 (E210 kasa · 2019’dan beri) bakım takvimi. Hangi parça kaç kilometrede ya da kaç ayda değişiyor, yak"
bakim-takvimi,017-hyundai-i20-bc3,1,"Hyundai i20 Mk3 (BC3 kasa · 2020’den beri) bakım takvimi. Hangi parça kaç kilometrede ya da kaç ayda değişiyor, yaklaşık"
bakim-takvimi,018-skoda-octavia-mk3,1,"Škoda Octavia Mk3 (5E kasa · 2012–2020) bakım takvimi. Hangi parça kaç kilometrede ya da kaç ayda değişiyor, yaklaşık ne"
bakim-takvimi,019-kia-sportage-nq5,1,"Kia Sportage Mk5 (NQ5 kasa · 2021’den beri) bakım takvimi. Hangi parça kaç kilometrede ya da kaç ayda değişiyor, yaklaşı"
bakim-takvimi,020-nissan-juke-f16,1,"Nissan Juke F16 (F16 kasa · 2019’dan beri) bakım takvimi. Hangi parça kaç kilometrede ya da kaç ayda değişiyor, yaklaşık"
bakim-takvimi,021-audi-a3-8p,1,"Audi A3 8P (8P kasa · 2003–2012) bakım takvimi. Hangi parça kaç kilometrede ya da kaç ayda değişiyor, yaklaşık ne tutuyo"
bakim-takvimi,022-byd-seal-u-mk1,1,"BYD Seal U (SA3 kasa · 2024’ten beri) bakım takvimi. Hangi parça kaç kilometrede ya da kaç ayda değişiyor, yaklaşık ne t"
bakim-takvimi,023-cupra-leon-mk1,1,"Cupra Cupra Leon 1. Nesil (KL kasa · 2020’den beri) bakım takvimi. Hangi parça kaç kilometrede ya da kaç ayda değişiyor,"
bakim-takvimi,024-tesla-model-3-mk1,1,"Tesla Model 3 (2019–2022) bakım takvimi. Hangi parça kaç kilometrede ya da kaç ayda değişiyor, yaklaşık ne tutuyor?"
bakim-takvimi,025-seat-leon-mk4,1,"SEAT Leon Mk4 (KL kasa · 2020’den beri) bakım takvimi. Hangi parça kaç kilometrede ya da kaç ayda değişiyor, yaklaşık ne"
bakim-takvimi,026-fiat-ducato-gen3,1,"Fiat Ducato III (250 kasa · 2006’dan beri) bakım takvimi. Hangi parça kaç kilometrede ya da kaç ayda değişiyor, yaklaşık"
bakim-takvimi,027-volkswagen-golf-mk6,1,"Volkswagen Golf Mk6 (5K kasa · 2008–2012) bakım takvimi. Hangi parça kaç kilometrede ya da kaç ayda değişiyor, yaklaşık "
bakim-takvimi,028-toyota-corolla-e140,1,"Toyota Corolla E140 (E140/E150 kasa · 2007–2013) bakım takvimi. Hangi parça kaç kilometrede ya da kaç ayda değişiyor, ya"
bakim-takvimi,029-hyundai-i20-gb,1,"Hyundai i20 Mk2 (GB kasa · 2014–2020) bakım takvimi. Hangi parça kaç kilometrede ya da kaç ayda değişiyor, yaklaşık ne t"
bakim-takvimi,030-skoda-octavia-mk2,1,"Škoda Octavia Mk2 (1Z kasa · 2004–2013) bakım takvimi. Hangi parça kaç kilometrede ya da kaç ayda değişiyor, yaklaşık ne"
bakim-takvimi,031-kia-sportage-ql,1,"Kia Sportage Mk4 (QL kasa · 2015–2021) bakım takvimi. Hangi parça kaç kilometrede ya da kaç ayda değişiyor, yaklaşık ne "
bakim-takvimi,032-nissan-x-trail-t32,1,"Nissan X-Trail T32 (T32 kasa · 2013–2021) bakım takvimi. Hangi parça kaç kilometrede ya da kaç ayda değişiyor, yaklaşık "
bakim-takvimi,033-audi-a3-8v,1,"Audi A3 8V (8V kasa · 2012–2020) bakım takvimi. Hangi parça kaç kilometrede ya da kaç ayda değişiyor, yaklaşık ne tutuyo"
bakim-takvimi,034-cupra-terramar-mk1,1,"Cupra Terramar 1. Nesil (2024’ten beri) bakım takvimi. Hangi parça kaç kilometrede ya da kaç ayda değişiyor, yaklaşık ne"
bakim-takvimi,035-seat-leon-mk2,1,"SEAT Leon Mk2 (1P kasa · 2005–2012) bakım takvimi. Hangi parça kaç kilometrede ya da kaç ayda değişiyor, yaklaşık ne tut"
bakim-takvimi,036-volkswagen-golf-mk8,1,"Volkswagen Golf Mk8 (CD kasa · 2019’dan beri) bakım takvimi. Hangi parça kaç kilometrede ya da kaç ayda değişiyor, yakla"
bakim-takvimi,037-toyota-corolla-e170,1,"Toyota Corolla E170 (E170 kasa · 2013–2019) bakım takvimi. Hangi parça kaç kilometrede ya da kaç ayda değişiyor, yaklaşı"
bakim-takvimi,038-hyundai-accent-rb,1,"Hyundai Accent Blue (RB) (RB kasa · 2011–2023) bakım takvimi. Hangi parça kaç kilometrede ya da kaç ayda değişiyor, yakl"
bakim-takvimi,039-skoda-superb-b8,1,"Škoda Superb 3. Nesil (3V kasa · 2015–2023) bakım takvimi. Hangi parça kaç kilometrede ya da kaç ayda değişiyor, yaklaşı"
bakim-takvimi,040-kia-ceed-cd,1,"Kia Ceed Mk3 (CD kasa · 2018–2025) bakım takvimi. Hangi parça kaç kilometrede ya da kaç ayda değişiyor, yaklaşık ne tutu"
bakim-takvimi,041-audi-a4-b8,1,"Audi A4 B8 (B8 kasa · 2007–2015) bakım takvimi. Hangi parça kaç kilometrede ya da kaç ayda değişiyor, yaklaşık ne tutuyo"
bakim-takvimi,042-seat-ibiza-mk4,1,"SEAT Ibiza 4. Nesil (6J kasa · 2008–2017) bakım takvimi. Hangi parça kaç kilometrede ya da kaç ayda değişiyor, yaklaşık "
bakim-takvimi,043-volkswagen-golf-mk4,1,"Volkswagen Golf Mk4 (1J kasa · 1997–2003) bakım takvimi. Hangi parça kaç kilometrede ya da kaç ayda değişiyor, yaklaşık "
bakim-takvimi,044-toyota-c-hr-ax10,1,"Toyota C-HR AX10 (AX10 kasa · 2016–2023) bakım takvimi. Hangi parça kaç kilometrede ya da kaç ayda değişiyor, yaklaşık n"
bakim-takvimi,045-hyundai-tucson-nx4,1,"Hyundai Tucson Mk4 (NX4 kasa · 2020’den beri) bakım takvimi. Hangi parça kaç kilometrede ya da kaç ayda değişiyor, yakla"
bakim-takvimi,046-skoda-superb-b6,1,"Škoda Superb 2. Nesil (3T kasa · 2008–2015) bakım takvimi. Hangi parça kaç kilometrede ya da kaç ayda değişiyor, yaklaşı"
bakim-takvimi,047-kia-ceed-jd,1,"Kia Cee’d Mk2 (JD kasa · 2012–2018) bakım takvimi. Hangi parça kaç kilometrede ya da kaç ayda değişiyor, yaklaşık ne tut"
bakim-takvimi,048-audi-a4-b9,1,"Audi A4 B9 (B9 kasa · 2015’ten beri) bakım takvimi. Hangi parça kaç kilometrede ya da kaç ayda değişiyor, yaklaşık ne tu"
bakim-takvimi,049-seat-ibiza-mk5,1,"SEAT Ibiza 5. Nesil (KJ kasa · 2017’den beri) bakım takvimi. Hangi parça kaç kilometrede ya da kaç ayda değişiyor, yakla"
bakim-takvimi,050-volkswagen-passat-b8,1,"Volkswagen Passat B8 (3G kasa · 2014–2022) bakım takvimi. Hangi parça kaç kilometrede ya da kaç ayda değişiyor, yaklaşık"
bakim-takvimi,051-toyota-c-hr-ax20,1,"Toyota C-HR AX20 (AX20 kasa · 2023’ten beri) bakım takvimi. Hangi parça kaç kilometrede ya da kaç ayda değişiyor, yaklaş"
bakim-takvimi,052-hyundai-tucson-lm,1,"Hyundai Tucson Mk2 (ix35) (LM kasa · 2009–2015) bakım takvimi. Hangi parça kaç kilometrede ya da kaç ayda değişiyor, yak"
bakim-takvimi,053-skoda-fabia-mk2,1,"Škoda Fabia 2. Nesil (5J kasa · 2007–2014) bakım takvimi. Hangi parça kaç kilometrede ya da kaç ayda değişiyor, yaklaşık"
bakim-takvimi,054-kia-rio-ub,1,"Kia Rio Mk3 (UB kasa · 2011–2017) bakım takvimi. Hangi parça kaç kilometrede ya da kaç ayda değişiyor, yaklaşık ne tutuy"
bakim-takvimi,055-audi-a4-b7,1,"Audi A4 B7 (B7 kasa · 2004–2008) bakım takvimi. Hangi parça kaç kilometrede ya da kaç ayda değişiyor, yaklaşık ne tutuyo"
bakim-takvimi,056-seat-ateca-mk1,1,"SEAT Ateca 1. Nesil (KH kasa · 2016’dan beri) bakım takvimi. Hangi parça kaç kilometrede ya da kaç ayda değişiyor, yakla"
bakim-takvimi,057-volkswagen-passat-b6,1,"Volkswagen Passat B6 (3C kasa · 2005–2010) bakım takvimi. Hangi parça kaç kilometrede ya da kaç ayda değişiyor, yaklaşık"
bakim-takvimi,058-toyota-yaris-xp210,1,"Toyota Yaris XP210 (XP210 kasa · 2020’den beri) bakım takvimi. Hangi parça kaç kilometrede ya da kaç ayda değişiyor, yak"
bakim-takvimi,059-hyundai-tucson-tl,1,"Hyundai Tucson Mk3 (TL kasa · 2015–2021) bakım takvimi. Hangi parça kaç kilometrede ya da kaç ayda değişiyor, yaklaşık n"
bakim-takvimi,060-skoda-fabia-mk3,1,"Škoda Fabia 3. Nesil (NJ kasa · 2014–2021) bakım takvimi. Hangi parça kaç kilometrede ya da kaç ayda değişiyor, yaklaşık"
bakim-takvimi,061-kia-stonic-yb,1,"Kia Stonic (YB kasa · 2017’den beri) bakım takvimi. Hangi parça kaç kilometrede ya da kaç ayda değişiyor, yaklaşık ne tu"
bakim-takvimi,062-audi-a6-c8,1,"Audi A6 C8 (C8 kasa · 2018’den beri) bakım takvimi. Hangi parça kaç kilometrede ya da kaç ayda değişiyor, yaklaşık ne tu"
bakim-takvimi,063-seat-arona-mk1,1,"SEAT Arona 1. Nesil (KJ kasa · 2017’den beri) bakım takvimi. Hangi parça kaç kilometrede ya da kaç ayda değişiyor, yakla"
bakim-takvimi,064-volkswagen-passat-b7,1,"Volkswagen Passat B7 (3C kasa · 2010–2015) bakım takvimi. Hangi parça kaç kilometrede ya da kaç ayda değişiyor, yaklaşık"
bakim-takvimi,065-toyota-yaris-xp90,1,"Toyota Yaris XP90 (XP90 kasa · 2005–2011) bakım takvimi. Hangi parça kaç kilometrede ya da kaç ayda değişiyor, yaklaşık "
bakim-takvimi,066-hyundai-bayon-bc3,1,"Hyundai Bayon (BC3 kasa · 2021’den beri) bakım takvimi. Hangi parça kaç kilometrede ya da kaç ayda değişiyor, yaklaşık n"
bakim-takvimi,067-skoda-fabia-mk4,1,"Škoda Fabia 4. Nesil (PJ kasa · 2021’den beri) bakım takvimi. Hangi parça kaç kilometrede ya da kaç ayda değişiyor, yakl"
bakim-takvimi,068-kia-rio-yb,1,"Kia Rio Mk4 (YB kasa · 2017–2023) bakım takvimi. Hangi parça kaç kilometrede ya da kaç ayda değişiyor, yaklaşık ne tutuy"
bakim-takvimi,069-audi-a6-c7,1,"Audi A6 C7 (C7 kasa · 2011–2018) bakım takvimi. Hangi parça kaç kilometrede ya da kaç ayda değişiyor, yaklaşık ne tutuyo"
bakim-takvimi,070-seat-tarraco-mk1,1,"SEAT Tarraco 1. Nesil (KN kasa · 2018’den beri) bakım takvimi. Hangi parça kaç kilometrede ya da kaç ayda değişiyor, yak"
bakim-takvimi,071-volkswagen-polo-aw,1,"Volkswagen Polo AW (AW kasa · 2017’den beri) bakım takvimi. Hangi parça kaç kilometrede ya da kaç ayda değişiyor, yaklaş"
bakim-takvimi,072-toyota-yaris-xp130,1,"Toyota Yaris XP130 (XP130 kasa · 2011–2020) bakım takvimi. Hangi parça kaç kilometrede ya da kaç ayda değişiyor, yaklaşı"
bakim-takvimi,073-hyundai-i10-ac3,1,"Hyundai i10 Mk3 (AC3 kasa · 2020’den beri) bakım takvimi. Hangi parça kaç kilometrede ya da kaç ayda değişiyor, yaklaşık"
bakim-takvimi,074-skoda-kamiq-mk1,1,"Škoda Kamiq 1. Nesil (NW kasa · 2019’dan beri) bakım takvimi. Hangi parça kaç kilometrede ya da kaç ayda değişiyor, yakl"
bakim-takvimi,075-kia-picanto-ja,1,"Kia Picanto Mk3 (JA kasa · 2017’den beri) bakım takvimi. Hangi parça kaç kilometrede ya da kaç ayda değişiyor, yaklaşık "
bakim-takvimi,076-audi-q2-ga,1,"Audi Q2 GA (GA kasa · 2016’dan beri) bakım takvimi. Hangi parça kaç kilometrede ya da kaç ayda değişiyor, yaklaşık ne tu"
bakim-takvimi,077-seat-toledo-mk4,1,"SEAT Toledo 4. Nesil (NH kasa · 2012–2019) bakım takvimi. Hangi parça kaç kilometrede ya da kaç ayda değişiyor, yaklaşık"
bakim-takvimi,078-volkswagen-polo-6r,1,"Volkswagen Polo 6R / 6C (6R / 6C kasa · 2009–2017) bakım takvimi. Hangi parça kaç kilometrede ya da kaç ayda değişiyor, "
bakim-takvimi,079-toyota-auris-e150,1,"Toyota Auris E150 (E150 kasa · 2006–2012) bakım takvimi. Hangi parça kaç kilometrede ya da kaç ayda değişiyor, yaklaşık "
bakim-takvimi,080-hyundai-i10-ia,1,"Hyundai i10 Mk2 (IA kasa · 2013–2020) bakım takvimi. Hangi parça kaç kilometrede ya da kaç ayda değişiyor, yaklaşık ne t"
bakim-takvimi,081-skoda-kodiaq-mk1,1,"Škoda Kodiaq 1. Nesil (NS kasa · 2016–2024) bakım takvimi. Hangi parça kaç kilometrede ya da kaç ayda değişiyor, yaklaşı"
bakim-takvimi,082-kia-xceed-mk1,1,"Kia XCeed (CD kasa · 2019’dan beri) bakım takvimi. Hangi parça kaç kilometrede ya da kaç ayda değişiyor, yaklaşık ne tut"
bakim-takvimi,083-audi-a6-c6,1,"Audi A6 C6 (C6 kasa · 2004–2011) bakım takvimi. Hangi parça kaç kilometrede ya da kaç ayda değişiyor, yaklaşık ne tutuyo"
bakim-takvimi,084-volkswagen-jetta-mk5,1,"Volkswagen Jetta 5. Nesil (1K kasa · 2005–2010) bakım takvimi. Hangi parça kaç kilometrede ya da kaç ayda değişiyor, yak"
bakim-takvimi,085-toyota-auris-e180,1,"Toyota Auris E180 (E180 kasa · 2012–2018) bakım takvimi. Hangi parça kaç kilometrede ya da kaç ayda değişiyor, yaklaşık "
bakim-takvimi,086-hyundai-i30-fd,1,"Hyundai i30 Mk1 (FD kasa · 2007–2012) bakım takvimi. Hangi parça kaç kilometrede ya da kaç ayda değişiyor, yaklaşık ne t"
bakim-takvimi,087-skoda-karoq-mk1,1,"Škoda Karoq 1. Nesil (NU kasa · 2017’den beri) bakım takvimi. Hangi parça kaç kilometrede ya da kaç ayda değişiyor, yakl"
bakim-takvimi,088-kia-sorento-mq4,1,"Kia Sorento Mk4 (MQ4 kasa · 2020’den beri) bakım takvimi. Hangi parça kaç kilometrede ya da kaç ayda değişiyor, yaklaşık"
bakim-takvimi,089-audi-q5-fy,1,"Audi Q5 FY (FY kasa · 2017’den beri) bakım takvimi. Hangi parça kaç kilometrede ya da kaç ayda değişiyor, yaklaşık ne tu"
bakim-takvimi,090-volkswagen-jetta-mk6,1,"Volkswagen Jetta 6. Nesil (A6 kasa · 2010–2018) bakım takvimi. Hangi parça kaç kilometrede ya da kaç ayda değişiyor, yak"
bakim-takvimi,091-toyota-yaris-cross-xp210,1,"Toyota Yaris Cross (XP210 kasa · 2020’den beri) bakım takvimi. Hangi parça kaç kilometrede ya da kaç ayda değişiyor, yak"
bakim-takvimi,092-hyundai-i30-pd,1,"Hyundai i30 Mk3 (PD kasa · 2016’dan beri) bakım takvimi. Hangi parça kaç kilometrede ya da kaç ayda değişiyor, yaklaşık "
bakim-takvimi,093-skoda-kodiaq-mk2,1,"Škoda Kodiaq 2. Nesil (2024’ten beri) bakım takvimi. Hangi parça kaç kilometrede ya da kaç ayda değişiyor, yaklaşık ne t"
bakim-takvimi,094-kia-niro-sg2,1,"Kia Niro Mk2 (SG2 kasa · 2022’den beri) bakım takvimi. Hangi parça kaç kilometrede ya da kaç ayda değişiyor, yaklaşık ne"
bakim-takvimi,095-audi-q3-f3,1,"Audi Q3 F3 (F3 kasa · 2018’den beri) bakım takvimi. Hangi parça kaç kilometrede ya da kaç ayda değişiyor, yaklaşık ne tu"
bakim-takvimi,096-volkswagen-tiguan-mk1,1,"Volkswagen Tiguan Mk1 (5N kasa · 2007–2016) bakım takvimi. Hangi parça kaç kilometrede ya da kaç ayda değişiyor, yaklaşı"
bakim-takvimi,097-toyota-hilux-an110,1,Toyota Hilux AN120 (AN120/AN130 kasa · 2015’ten beri) bakım takvimi. Hangi parça kaç kilometrede ya da kaç ayda değişiyo
bakim-takvimi,098-hyundai-i30-gd,1,"Hyundai i30 Mk2 (GD kasa · 2011–2017) bakım takvimi. Hangi parça kaç kilometrede ya da kaç ayda değişiyor, yaklaşık ne t"
bakim-takvimi,099-skoda-rapid-mk1,1,"Škoda Rapid 1. Nesil (NH kasa · 2012–2019) bakım takvimi. Hangi parça kaç kilometrede ya da kaç ayda değişiyor, yaklaşık"
bakim-takvimi,100-kia-carnival-ka4,1,"Kia Carnival Mk4 (KA4 kasa · 2020’den beri) bakım takvimi. Hangi parça kaç kilometrede ya da kaç ayda değişiyor, yaklaşı"
bakim-takvimi,101-audi-q7-4m,1,"Audi Q7 4M (4M kasa · 2015’ten beri) bakım takvimi. Hangi parça kaç kilometrede ya da kaç ayda değişiyor, yaklaşık ne tu"
bakim-takvimi,102-volkswagen-tiguan-mk2,1,"Volkswagen Tiguan Mk2 (AD kasa · 2016–2023) bakım takvimi. Hangi parça kaç kilometrede ya da kaç ayda değişiyor, yaklaşı"
bakim-takvimi,103-toyota-rav4-xa50,1,"Toyota RAV4 XA50 (XA50 kasa · 2018’den beri) bakım takvimi. Hangi parça kaç kilometrede ya da kaç ayda değişiyor, yaklaş"
bakim-takvimi,104-hyundai-elantra-cn7,1,"Hyundai Elantra (CN7) (CN7 kasa · 2020’den beri) bakım takvimi. Hangi parça kaç kilometrede ya da kaç ayda değişiyor, ya"
bakim-takvimi,105-skoda-scala-mk1,1,"Škoda Scala 1. Nesil (NW kasa · 2019’dan beri) bakım takvimi. Hangi parça kaç kilometrede ya da kaç ayda değişiyor, yakl"
bakim-takvimi,106-kia-cerato-yd,1,"Kia Cerato Mk3 (YD kasa · 2013–2018) bakım takvimi. Hangi parça kaç kilometrede ya da kaç ayda değişiyor, yaklaşık ne tu"
bakim-takvimi,107-audi-q3-8u,1,"Audi Q3 8U (8U kasa · 2011–2018) bakım takvimi. Hangi parça kaç kilometrede ya da kaç ayda değişiyor, yaklaşık ne tutuyo"
bakim-takvimi,108-volkswagen-tiguan-mk3,1,Volkswagen Tiguan 3. Nesil (CT kasa · 2023’ten beri) bakım takvimi. Hangi parça kaç kilometrede ya da kaç ayda değişiyor
bakim-takvimi,109-toyota-proace-city-gen1,1,"Toyota Proace City (K9 kasa · 2019’dan beri) bakım takvimi. Hangi parça kaç kilometrede ya da kaç ayda değişiyor, yaklaş"
bakim-takvimi,110-hyundai-elantra-md,1,"Hyundai Elantra (MD) (MD kasa · 2010–2015) bakım takvimi. Hangi parça kaç kilometrede ya da kaç ayda değişiyor, yaklaşık"
bakim-takvimi,111-kia-cerato-td,1,"Kia Cerato Mk2 (TD kasa · 2008–2013) bakım takvimi. Hangi parça kaç kilometrede ya da kaç ayda değişiyor, yaklaşık ne tu"
bakim-takvimi,112-audi-a1-gb,1,"Audi A1 GB (GB kasa · 2018’den beri) bakım takvimi. Hangi parça kaç kilometrede ya da kaç ayda değişiyor, yaklaşık ne tu"
bakim-takvimi,113-volkswagen-t-roc-mk1,1,Volkswagen T-Roc 1. Nesil (A11 kasa · 2017’den beri) bakım takvimi. Hangi parça kaç kilometrede ya da kaç ayda değişiyor
bakim-takvimi,114-toyota-hilux-an10,1,"Toyota Hilux AN10 (AN10/AN20 kasa · 2005–2015) bakım takvimi. Hangi parça kaç kilometrede ya da kaç ayda değişiyor, yakl"
bakim-takvimi,115-hyundai-santa-fe-mx5,1,"Hyundai Santa Fe Mk5 (MX5 kasa · 2023’ten beri) bakım takvimi. Hangi parça kaç kilometrede ya da kaç ayda değişiyor, yak"
bakim-takvimi,116-kia-stinger-ck,1,"Kia Stinger (CK kasa · 2017–2023) bakım takvimi. Hangi parça kaç kilometrede ya da kaç ayda değişiyor, yaklaşık ne tutuy"
bakim-takvimi,117-audi-a5-f5,1,"Audi A5 F5 (F5 kasa · 2016’dan beri) bakım takvimi. Hangi parça kaç kilometrede ya da kaç ayda değişiyor, yaklaşık ne tu"
bakim-takvimi,118-volkswagen-caddy-mk5,1,"Volkswagen Caddy 5. Nesil (SB kasa · 2020’den beri) bakım takvimi. Hangi parça kaç kilometrede ya da kaç ayda değişiyor,"
bakim-takvimi,119-toyota-rav4-xa40,1,"Toyota RAV4 XA40 (XA40 kasa · 2012–2018) bakım takvimi. Hangi parça kaç kilometrede ya da kaç ayda değişiyor, yaklaşık n"
bakim-takvimi,120-hyundai-kona-sx2,1,"Hyundai Kona Mk2 (SX2 kasa · 2023’ten beri) bakım takvimi. Hangi parça kaç kilometrede ya da kaç ayda değişiyor, yaklaşı"
bakim-takvimi,121-kia-niro-de,1,"Kia Niro Mk1 (DE kasa · 2016–2022) bakım takvimi. Hangi parça kaç kilometrede ya da kaç ayda değişiyor, yaklaşık ne tutu"
bakim-takvimi,122-audi-q7-4l,1,"Audi Q7 4L (4L kasa · 2005–2015) bakım takvimi. Hangi parça kaç kilometrede ya da kaç ayda değişiyor, yaklaşık ne tutuyo"
bakim-takvimi,123-volkswagen-caddy-mk4,1,"Volkswagen Caddy 4. Nesil (2K kasa · 2015–2020) bakım takvimi. Hangi parça kaç kilometrede ya da kaç ayda değişiyor, yak"
bakim-takvimi,124-toyota-rav4-xa30,1,"Toyota RAV4 XA30 (XA30 kasa · 2005–2012) bakım takvimi. Hangi parça kaç kilometrede ya da kaç ayda değişiyor, yaklaşık n"
bakim-takvimi,125-hyundai-elantra-ad,1,"Hyundai Elantra (AD) (AD kasa · 2015–2020) bakım takvimi. Hangi parça kaç kilometrede ya da kaç ayda değişiyor, yaklaşık"
bakim-takvimi,126-kia-sorento-um,1,"Kia Sorento Mk3 (UM kasa · 2014–2020) bakım takvimi. Hangi parça kaç kilometrede ya da kaç ayda değişiyor, yaklaşık ne t"
bakim-takvimi,127-audi-q5-8r,1,"Audi Q5 8R (8R kasa · 2008–2017) bakım takvimi. Hangi parça kaç kilometrede ya da kaç ayda değişiyor, yaklaşık ne tutuyo"
bakim-takvimi,128-volkswagen-t-cross-mk1,1,Volkswagen T-Cross 1. Nesil (C11 kasa · 2018’den beri) bakım takvimi. Hangi parça kaç kilometrede ya da kaç ayda değişiy
bakim-takvimi,129-hyundai-santa-fe-tm,1,"Hyundai Santa Fe Mk4 (TM kasa · 2018–2023) bakım takvimi. Hangi parça kaç kilometrede ya da kaç ayda değişiyor, yaklaşık"
bakim-takvimi,130-kia-carnival-yp,1,"Kia Carnival Mk3 (YP kasa · 2014–2020) bakım takvimi. Hangi parça kaç kilometrede ya da kaç ayda değişiyor, yaklaşık ne "
bakim-takvimi,131-audi-a1-8x,1,"Audi A1 8X (8X kasa · 2010–2018) bakım takvimi. Hangi parça kaç kilometrede ya da kaç ayda değişiyor, yaklaşık ne tutuyo"
bakim-takvimi,132-volkswagen-transporter-t6,1,"Volkswagen Transporter T6 (T6 kasa · 2015–2024) bakım takvimi. Hangi parça kaç kilometrede ya da kaç ayda değişiyor, yak"
bakim-takvimi,133-hyundai-kona-os,1,"Hyundai Kona Mk1 (OS kasa · 2017–2023) bakım takvimi. Hangi parça kaç kilometrede ya da kaç ayda değişiyor, yaklaşık ne "
bakim-takvimi,134-kia-optima-jf,1,"Kia Optima Mk4 (JF kasa · 2015–2020) bakım takvimi. Hangi parça kaç kilometrede ya da kaç ayda değişiyor, yaklaşık ne tu"
bakim-takvimi,135-audi-a5-8t,1,"Audi A5 8T (8T kasa · 2007–2016) bakım takvimi. Hangi parça kaç kilometrede ya da kaç ayda değişiyor, yaklaşık ne tutuyo"
bakim-takvimi,136-volkswagen-transporter-t5,1,"Volkswagen Transporter T5 (T5 kasa · 2003–2015) bakım takvimi. Hangi parça kaç kilometrede ya da kaç ayda değişiyor, yak"
bakim-takvimi,137-hyundai-ioniq-ae,1,"Hyundai Ioniq (AE kasa · 2016–2022) bakım takvimi. Hangi parça kaç kilometrede ya da kaç ayda değişiyor, yaklaşık ne tut"
bakim-takvimi,138-kia-soul-ps,1,"Kia Soul Mk2 (PS kasa · 2013–2019) bakım takvimi. Hangi parça kaç kilometrede ya da kaç ayda değişiyor, yaklaşık ne tutu"
bakim-takvimi,139-volkswagen-taigo-mk1,1,"Volkswagen Taigo 1. Nesil (CS kasa · 2021’den beri) bakım takvimi. Hangi parça kaç kilometrede ya da kaç ayda değişiyor,"
bakim-takvimi,140-hyundai-santa-fe-dm,1,"Hyundai Santa Fe Mk3 (DM kasa · 2012–2018) bakım takvimi. Hangi parça kaç kilometrede ya da kaç ayda değişiyor, yaklaşık"
bakim-takvimi,141-kia-venga-yn,1,"Kia Venga (YN kasa · 2009–2019) bakım takvimi. Hangi parça kaç kilometrede ya da kaç ayda değişiyor, yaklaşık ne tutuyor"
bakim-takvimi,142-volkswagen-touareg-mk3,1,Volkswagen Touareg 3. Nesil (CR kasa · 2018’den beri) bakım takvimi. Hangi parça kaç kilometrede ya da kaç ayda değişiyo
bakim-takvimi,143-hyundai-sonata-yf,1,"Hyundai Sonata (YF) (YF kasa · 2009–2014) bakım takvimi. Hangi parça kaç kilometrede ya da kaç ayda değişiyor, yaklaşık "
bakim-takvimi,144-kia-carens-rp,1,"Kia Carens Mk3 (RP kasa · 2013–2019) bakım takvimi. Hangi parça kaç kilometrede ya da kaç ayda değişiyor, yaklaşık ne tu"
bakim-takvimi,145-volkswagen-touran-mk2,1,Volkswagen Touran 2. Nesil (5T kasa · 2015’ten beri) bakım takvimi. Hangi parça kaç kilometrede ya da kaç ayda değişiyor
bakim-takvimi,146-kia-picanto-ta,1,"Kia Picanto Mk2 (TA kasa · 2011–2017) bakım takvimi. Hangi parça kaç kilometrede ya da kaç ayda değişiyor, yaklaşık ne t"
bakim-takvimi,147-volkswagen-arteon-mk1,1,"Volkswagen Arteon 1. Nesil (3H kasa · 2017–2024) bakım takvimi. Hangi parça kaç kilometrede ya da kaç ayda değişiyor, ya"
bakim-takvimi,148-kia-optima-tf,1,"Kia Optima Mk3 (TF kasa · 2010–2015) bakım takvimi. Hangi parça kaç kilometrede ya da kaç ayda değişiyor, yaklaşık ne tu"
bakim-takvimi,149-volkswagen-amarok-mk1,1,"Volkswagen Amarok 1. Nesil (2H kasa · 2010–2022) bakım takvimi. Hangi parça kaç kilometrede ya da kaç ayda değişiyor, ya"
bakim-takvimi,150-kia-sorento-xm,1,"Kia Sorento Mk2 (XM kasa · 2009–2014) bakım takvimi. Hangi parça kaç kilometrede ya da kaç ayda değişiyor, yaklaşık ne t"
bakim-takvimi,151-volkswagen-touareg-mk2,1,"Volkswagen Touareg 2. Nesil (7P kasa · 2010–2018) bakım takvimi. Hangi parça kaç kilometrede ya da kaç ayda değişiyor, y"
bakim-takvimi,152-kia-soul-am,1,"Kia Soul Mk1 (AM kasa · 2008–2013) bakım takvimi. Hangi parça kaç kilometrede ya da kaç ayda değişiyor, yaklaşık ne tutu"
bakim-takvimi,153-volkswagen-scirocco-mk3,1,"Volkswagen Scirocco 3. Nesil (13 kasa · 2008–2017) bakım takvimi. Hangi parça kaç kilometrede ya da kaç ayda değişiyor, "
kritik-arizalar,001-renault-clio-mk4-tce-1-2-yag-tuketimi,1,Renault Clio Mk4 (X98 kasa · 2012–2019) sahipleri ve alıcıları için uyarı: 1.2 TCe aşırı yağ tüketimi ve motor hasarı.
kritik-arizalar,002-fiat-doblo-gen1-triger-kayisi-erken-kopmasi,1,Fiat Doblò I (223 kasa · 2000–2010) sahipleri ve alıcıları için uyarı: Triger kayışının erken kopması.
kritik-arizalar,003-volkswagen-golf-mk5-kol-yatagi-1-9-tdi,1,Volkswagen Golf Mk5 (1K kasa · 2003–2008) sahipleri ve alıcıları için uyarı: 1.9 TDI (BXE) kol yatağı sarması.
kritik-arizalar,004-toyota-yaris-xp210-hibrit-sistem-arizasi-ready-olmamasi,1,Toyota Yaris XP210 (XP210 kasa · 2020’den beri) sahipleri ve alıcıları için uyarı: Hibrit sistemin arızaya geçip aracı ç
kritik-arizalar,005-peugeot-3008-p84-puretech-triger-kayisi,1,Peugeot 3008 Mk2 (P84 kasa · 2016–2024) sahipleri ve alıcıları için uyarı: 1.2 PureTech yağ içinde çalışan triger kayışı
kritik-arizalar,006-ford-focus-mk3-ecoboost-sogutma-hortumu-hararet,1,Ford Focus 3. nesil (C346 kasa · 2011–2018) sahipleri ve alıcıları için uyarı: 1.0 EcoBoost soğutma hortumu çatlaması ve
kritik-arizalar,007-hyundai-tucson-nx4-1-6-crdi-kasnak-gergi-motor-hasari,1,Hyundai Tucson Mk4 (NX4 kasa · 2020’den beri) sahipleri ve alıcıları için uyarı: 1.6 CRDi hafif hibritte marş-şarj kasna
kritik-arizalar,008-citroen-c-elysee-mk1-bluehdi-eksantrik-zinciri-uzamasi,1,Citroën C-Elysée (2012–2022) sahipleri ve alıcıları için uyarı: 1.5 BlueHDi (DV5) eksantrik zincirinin uzaması ve kopmas
kritik-arizalar,009-opel-astra-l-puretech-triger-kayisi,1,Opel Astra L (C02 kasa · 2021’den beri) sahipleri ve alıcıları için uyarı: 1.2 PureTech yağ içinde çalışan triger kayışı
kritik-arizalar,010-skoda-superb-b6-zincir-gergisi-tfsi-ea888,1,Škoda Superb 2. Nesil (3T kasa · 2008–2015) sahipleri ve alıcıları için uyarı: 1.8 / 2.0 TFSI (EA888) zincir gergisi arı
kritik-arizalar,011-kia-sportage-nq5-1-6-crdi-kasnak-gergi-motor-hasari,1,Kia Sportage Mk5 (NQ5 kasa · 2021’den beri) sahipleri ve alıcıları için uyarı: 1.6 CRDi hafif hibritte marş-şarj kasnağı
kritik-arizalar,012-chery-tiggo-7-pro-mk1-zamanlama-zinciri-sesi-ve-zincir-arizasi,1,Chery Tiggo 7 Pro (T1E kasa · 2023’ten beri) sahipleri ve alıcıları için uyarı: Zamanlama zincirinden ses gelmesi ve zin
kritik-arizalar,013-nissan-qashqai-j11-tce-1-2-yag-tuketimi,1,Nissan Qashqai J11 (J11 kasa · 2013–2021) sahipleri ve alıcıları için uyarı: 1.2 TCe aşırı yağ tüketimi ve motor hasarı.
kritik-arizalar,014-bmw-3-serisi-f30-n47-zamanlama-zinciri,1,BMW 3 Serisi F30 (F30/F31 kasa · 2012–2019) sahipleri ve alıcıları için uyarı: N47 dizelde zamanlama zinciri uzaması ve 
kritik-arizalar,015-audi-a3-8y-35-tfsi-kompresyon-kaybi,1,Audi A3 8Y (8Y kasa · 2020’den beri) sahipleri ve alıcıları için uyarı: 35 TFSI motorda kompresyon kaybı ve ağır motor h
kritik-arizalar,016-dacia-duster-mk1-dci-krank-kol-yatagi,1,Dacia Duster Mk1 (HS kasa · 2010–2017) sahipleri ve alıcıları için uyarı: 1.5 dCi krank / kol yatağı sarması.
kritik-arizalar,017-jeep-renegade-bu-ddct-hidrolik-unite-kacagi,1,Jeep Renegade (BU kasa · 2014’ten beri) sahipleri ve alıcıları için uyarı: DDCT şanzımanın hidrolik ünitesinde kaçak ve 
kritik-arizalar,018-seat-ibiza-mk4-zincir-gergisi-tsi-ea111,1,SEAT Ibiza 4. Nesil (6J kasa · 2008–2017) sahipleri ve alıcıları için uyarı: 1.2 / 1.4 TSI (EA111) zincir gergisi arızas
kritik-arizalar,019-porsche-cayenne-955-cayenne-955-sogutma-borusu,1,Porsche Cayenne 1. Nesil (955 / 957 kasa · 2002–2010) sahipleri ve alıcıları için uyarı: V8 plastik soğutma borusu (cool
kritik-arizalar,020-renault-clio-mk2-dci-krank-kol-yatagi,1,Renault Clio Mk2 (X65 kasa · 1998–2005) sahipleri ve alıcıları için uyarı: 1.5 dCi krank / kol yatağı sarması.
kritik-arizalar,021-fiat-palio-gen1-triger-kayisi-erken-kopmasi,1,Fiat Palio (178 kasa · 1996–2011) sahipleri ve alıcıları için uyarı: Triger kayışının erken kopması ve supap hasarı.
kritik-arizalar,022-volkswagen-golf-mk6-zincir-gergisi-1-4-tsi,1,Volkswagen Golf Mk6 (5K kasa · 2008–2012) sahipleri ve alıcıları için uyarı: 1.4 TSI zincir gergisi atlaması.
kritik-arizalar,023-peugeot-2008-a94-puretech-triger-kayisi,1,Peugeot 2008 Mk1 (A94 kasa · 2013–2019) sahipleri ve alıcıları için uyarı: 1.2 PureTech yağ içinde çalışan triger kayışı
kritik-arizalar,024-ford-focus-mk3-ecoboost-yag-icinde-triger-kayisi,1,Ford Focus 3. nesil (C346 kasa · 2011–2018) sahipleri ve alıcıları için uyarı: 1.0 EcoBoost yağ içinde çalışan triger ka
kritik-arizalar,025-hyundai-tucson-lm-crdi-zamanlama-zinciri-gergisi,1,Hyundai Tucson Mk2 (ix35) (LM kasa · 2009–2015) sahipleri ve alıcıları için uyarı: CRDi motorlarda zamanlama zinciri ger
kritik-arizalar,026-citroen-c-elysee-mk1-puretech-triger-kayisi,1,Citroën C-Elysée (2012–2022) sahipleri ve alıcıları için uyarı: 1.2 PureTech yağ içinde çalışan triger kayışının dağılma
kritik-arizalar,027-opel-astra-l-yuksek-gerilim-cekis-sistemi-arizasi,1,Opel Astra L (C02 kasa · 2021’den beri) sahipleri ve alıcıları için uyarı: Yüksek gerilim çekiş sistemi arızasıyla gücün
kritik-arizalar,028-skoda-fabia-mk2-zincir-gergisi-tsi-ea111,1,Škoda Fabia 2. Nesil (5J kasa · 2007–2014) sahipleri ve alıcıları için uyarı: 1.2 / 1.4 TSI (EA111) zincir gergisi arıza
kritik-arizalar,029-kia-sportage-ql-1-6-t-gdi-zamanlama-zinciri-arizasi,1,Kia Sportage Mk4 (QL kasa · 2015–2021) sahipleri ve alıcıları için uyarı: 1.6 T-GDi zamanlama zinciri arızası ve motor h
kritik-arizalar,030-chery-tiggo-8-pro-mk1-1-6-tgdi-zamanlama-zinciri-kopmasi,1,Chery Tiggo 8 Pro (2023’ten beri) sahipleri ve alıcıları için uyarı: 1.6 TGDI zamanlama zincirinin kopması.
kritik-arizalar,031-nissan-qashqai-j12-e-power-guc-unitesi-arizasi,1,Nissan Qashqai J12 (J12 kasa · 2021’den beri) sahipleri ve alıcıları için uyarı: e-POWER hibrit güç ünitesinde arıza ve 
kritik-arizalar,032-bmw-3-serisi-e36-320i-zamanlama-zinciri-gergisi-asinmasi,1,BMW 3 Serisi E36 (E36 kasa · 1991–1998) sahipleri ve alıcıları için uyarı: 320i motorda zamanlama zinciri gergisinin aşı
kritik-arizalar,033-audi-a3-8p-silindir-kapagi-catlagi-2-0-tdi-pd,1,Audi A3 8P (8P kasa · 2003–2012) sahipleri ve alıcıları için uyarı: 2.0 TDI (16 supaplı PD) silindir kapağı çatlağı.
kritik-arizalar,034-dacia-duster-mk1-tce-1-2-yag-tuketimi,1,Dacia Duster Mk1 (HS kasa · 2010–2017) sahipleri ve alıcıları için uyarı: 1.2 TCe aşırı yağ tüketimi ve motor hasarı.
kritik-arizalar,035-jeep-compass-mp-hibrit-yuksek-gerilim-jenerator-arizasi,1,Jeep Compass MP (MP kasa · 2017’den beri) sahipleri ve alıcıları için uyarı: Plug-in hibritte yüksek gerilim marş-şarj j
kritik-arizalar,036-renault-clio-mk3-dci-krank-kol-yatagi,1,Renault Clio Mk3 (X85 kasa · 2005–2012) sahipleri ve alıcıları için uyarı: 1.5 dCi krank / kol yatağı sarması.
kritik-arizalar,037-fiat-albea-gen2-triger-kayisi-kopmasi-supap-hasari,1,Fiat Albea (makyajlı) (178 kasa · 2005–2012) sahipleri ve alıcıları için uyarı: 1.2 ve 1.4 motorlarda triger kayışının k
kritik-arizalar,038-volkswagen-passat-b6-2-0-tdi-yag-pompasi-arizasi,1,Volkswagen Passat B6 (3C kasa · 2005–2010) sahipleri ve alıcıları için uyarı: 2.0 TDI yağ pompası arızası ve yağ basıncı
kritik-arizalar,039-peugeot-2008-p24-elektrik-motoru-ve-invertor-arizasi,1,Peugeot 2008 Mk2 (P24 kasa · 2019’dan beri) sahipleri ve alıcıları için uyarı: Yüksek gerilim sisteminde invertör ya da 
kritik-arizalar,040-ford-focus-mk4-8-ileri-otomatik-sanziman-arizasi,1,Ford Focus 4. nesil (C519 kasa · 2018–2025) sahipleri ve alıcıları için uyarı: 8 ileri otomatik şanzımanda sarsıntılı ge
kritik-arizalar,041-hyundai-getz-tb-1-5-crdi-d3ea-triger-gergi-rulmani,1,Hyundai Getz (TB kasa · 2002–2011) sahipleri ve alıcıları için uyarı: 1.5 CRDi (D3EA) triger kayışı ve gergi rulmanı arı
kritik-arizalar,042-citroen-c3-cc21-e-dcs6-sanzimanin-kilitlenmesi,1,Citroën C3 4. nesil (CC21 kasa · 2024’ten beri) sahipleri ve alıcıları için uyarı: e-DCS6 hibrit şanzımanın kilitlenip v
kritik-arizalar,043-opel-astra-g-triger-kayisi-kopmasi,1,Opel Astra G (T98 kasa · 1998–2004) sahipleri ve alıcıları için uyarı: Triger kayışının zamanından önce kopması.
kritik-arizalar,044-kia-ceed-cd-1-6-crdi-48v-mars-sarj-gergi-arizasi,1,Kia Ceed Mk3 (CD kasa · 2018–2025) sahipleri ve alıcıları için uyarı: 1.6 CRDi hafif hibritte marş-şarj ünitesi gergi ma
kritik-arizalar,045-nissan-qashqai-j10-1-5-dci-triger-kayisi-erken-kopmasi,1,Nissan Qashqai J10 (J10 kasa · 2007–2013) sahipleri ve alıcıları için uyarı: 1.5 dCi triger kayışının değişim aralığında
kritik-arizalar,046-bmw-3-serisi-e46-emme-manifoldu-girdap-klapesi-kopmasi,1,BMW 3 Serisi E46 (E46 kasa · 1998–2006) sahipleri ve alıcıları için uyarı: Emme manifoldu girdap klapelerinin kopup sili
kritik-arizalar,047-audi-a3-8p-zincir-gergisi-tsi-ea111,1,Audi A3 8P (8P kasa · 2003–2012) sahipleri ve alıcıları için uyarı: 1.2 / 1.4 TSI (EA111) zincir gergisi arızası ve zinc
kritik-arizalar,048-dacia-sandero-mk1-1-5-dci-triger-kayisi-hasari,1,Dacia Sandero Mk1 (B90 kasa · 2008–2012) sahipleri ve alıcıları için uyarı: 1.5 dCi triger kayışının zamanından önce has
kritik-arizalar,049-jeep-compass-mp-otomatik-sanziman-kacak-ve-arizasi,1,Jeep Compass MP (MP kasa · 2017’den beri) sahipleri ve alıcıları için uyarı: Otomatik şanzımanda yağ kaçağı ve vites seç
kritik-arizalar,050-renault-megane-mk2-dci-krank-kol-yatagi,1,Renault Mégane Mk2 (X84 kasa · 2002–2008) sahipleri ve alıcıları için uyarı: 1.5 dCi krank / kol yatağı sarması.
kritik-arizalar,051-fiat-punto-mk2-dizel-enjeksiyon-pompasi-sikismasi,1,Fiat Punto Mk2 (188 kasa · 1999–2006) sahipleri ve alıcıları için uyarı: Dizel yüksek basınç yakıt pompasının sıkışması.
kritik-arizalar,052-volkswagen-passat-b7-zincir-gergisi-tsi-ea111,1,Volkswagen Passat B7 (3C kasa · 2010–2015) sahipleri ve alıcıları için uyarı: 1.2 / 1.4 TSI (EA111) zincir gergisi arıza
kritik-arizalar,053-peugeot-2008-p24-puretech-triger-kayisi,1,Peugeot 2008 Mk2 (P24 kasa · 2019’dan beri) sahipleri ve alıcıları için uyarı: 1.2 PureTech yağ içinde çalışan triger ka
kritik-arizalar,054-ford-focus-mk4-ecoblue-eksantrik-zinciri-uzamasi,1,Ford Focus 4. nesil (C519 kasa · 2018–2025) sahipleri ve alıcıları için uyarı: 1.5 EcoBlue eksantrik zincirinin uzaması.
kritik-arizalar,055-citroen-c3-cc21-yuksek-gerilim-sistemi-cekis-kesilmesi,1,Citroën C3 4. nesil (CC21 kasa · 2024’ten beri) sahipleri ve alıcıları için uyarı: Yüksek gerilim sisteminin güvenli mod
kritik-arizalar,056-opel-astra-k-1-4-turbo-150-piston-catlamasi,1,Opel Astra K (B15/B16 kasa · 2015–2021) sahipleri ve alıcıları için uyarı: 1.4 Turbo 150 HP motorda piston çatlaması ve 
kritik-arizalar,057-nissan-qashqai-j10-1-5-dci-yag-pompasi-basinc-valfi,1,Nissan Qashqai J10 (J10 kasa · 2007–2013) sahipleri ve alıcıları için uyarı: 1.5 dCi yağ pompası basınç valfinin takılıp
kritik-arizalar,058-bmw-3-serisi-g20-318d-kol-yatagi-sarmasi,1,BMW 3 Serisi G20 (G20/G21 kasa · 2019’dan beri) sahipleri ve alıcıları için uyarı: 318d dizel motorda kol yatağı sarması
kritik-arizalar,059-audi-a4-b8-yag-tuketimi-2-0-tfsi,1,Audi A4 B8 (B8 kasa · 2007–2015) sahipleri ve alıcıları için uyarı: 2.0 TFSI aşırı yağ tüketimi (piston segmanı).
kritik-arizalar,060-dacia-sandero-mk1-dci-krank-kol-yatagi,1,Dacia Sandero Mk1 (B90 kasa · 2008–2012) sahipleri ve alıcıları için uyarı: 1.5 dCi krank / kol yatağı sarması.
kritik-arizalar,061-renault-megane-mk4-tce-1-2-yag-tuketimi,1,Renault Mégane Mk4 (BFB kasa · 2015–2023) sahipleri ve alıcıları için uyarı: 1.2 TCe aşırı yağ tüketimi ve motor hasarı.
kritik-arizalar,062-fiat-punto-mk2-triger-kayisinin-erken-kopmasi,1,Fiat Punto Mk2 (188 kasa · 1999–2006) sahipleri ve alıcıları için uyarı: Triger kayışının erken kopması.
kritik-arizalar,063-volkswagen-polo-6r-zincir-gergisi-1-2-tsi,1,Volkswagen Polo 6R / 6C (6R / 6C kasa · 2009–2017) sahipleri ve alıcıları için uyarı: 1.2 TSI zincir gergisi ve zincir u
kritik-arizalar,064-peugeot-301-mk1-puretech-triger-kayisi,1,Peugeot 301 (M33 kasa · 2012–2021) sahipleri ve alıcıları için uyarı: 1.2 PureTech yağ içinde çalışan triger kayışının d
kritik-arizalar,065-ford-focus-mk4-ecoboost-sogutma-hortumu-hararet,1,Ford Focus 4. nesil (C519 kasa · 2018–2025) sahipleri ve alıcıları için uyarı: 1.0 EcoBoost soğutma hortumu çatlaması ve
kritik-arizalar,066-citroen-c3-sx-1-5-bluehdi-eksantrik-zinciri,1,Citroën C3 3. nesil (SX/SY kasa · 2016–2024) sahipleri ve alıcıları için uyarı: 1.5 BlueHDi eksantrik zincirinin erken u
kritik-arizalar,067-opel-corsa-f-1-2-atmosferik-triger-kayisi-bozulmasi,1,Opel Corsa F (P2JO kasa · 2019’dan beri) sahipleri ve alıcıları için uyarı: 1.2 atmosferik motorda yağ içinde çalışan tr
kritik-arizalar,068-nissan-qashqai-j10-2-0-dci-yag-pompasi-kilitlenmesi,1,Nissan Qashqai J10 (J10 kasa · 2007–2013) sahipleri ve alıcıları için uyarı: 2.0 dCi yağ pompasının kilitlenip motoru ya
kritik-arizalar,069-bmw-3-serisi-e90-320d-m47-girdap-klapeleri,1,BMW 3 Serisi E90 (E90/E91/E92 kasa · 2005–2012) sahipleri ve alıcıları için uyarı: 320d 163 HP (M47) emme manifoldu klap
kritik-arizalar,070-audi-a4-b8-zincir-gergisi-tfsi-ea888,1,Audi A4 B8 (B8 kasa · 2007–2015) sahipleri ve alıcıları için uyarı: 1.8 / 2.0 TFSI (EA888) zincir gergisi arızası.
kritik-arizalar,071-dacia-logan-mk1-1-5-dci-aksesuar-kayisinin-parcalanmasi,1,Dacia Logan Mk1 (L90 kasa · 2004–2012) sahipleri ve alıcıları için uyarı: 1.5 dCi alternatör kayışının parçalanıp triger
kritik-arizalar,072-renault-megane-mk3-dci-krank-kol-yatagi,1,Renault Mégane Mk3 (X95 kasa · 2008–2016) sahipleri ve alıcıları için uyarı: 1.5 dCi krank / kol yatağı sarması.
kritik-arizalar,073-volkswagen-jetta-mk5-2-0-tdi-yag-pompasi-arizasi,1,Volkswagen Jetta 5. Nesil (1K kasa · 2005–2010) sahipleri ve alıcıları için uyarı: 2.0 TDI yağ pompasının arızalanıp yağ
kritik-arizalar,074-peugeot-208-p21-elektrikli-tahrik-unitesi-arizasi,1,Peugeot 208 Mk2 (P21 kasa · 2019’dan beri) sahipleri ve alıcıları için uyarı: Yüksek gerilim tahrik ünitesi arızası ve a
kritik-arizalar,075-ford-focus-mk4-ecoboost-yag-icinde-triger-kayisi,1,Ford Focus 4. nesil (C519 kasa · 2018–2025) sahipleri ve alıcıları için uyarı: 1.0 EcoBoost yağ içinde çalışan triger ka
kritik-arizalar,076-citroen-c3-sx-puretech-triger-kayisi,1,Citroën C3 3. nesil (SX/SY kasa · 2016–2024) sahipleri ve alıcıları için uyarı: 1.2 PureTech yağ içinde çalışan triger k
kritik-arizalar,077-opel-corsa-f-puretech-triger-kayisi,1,Opel Corsa F (P2JO kasa · 2019’dan beri) sahipleri ve alıcıları için uyarı: 1.2 PureTech yağ içinde çalışan triger kayış
kritik-arizalar,078-nissan-qashqai-j10-dci-krank-kol-yatagi,1,Nissan Qashqai J10 (J10 kasa · 2007–2013) sahipleri ve alıcıları için uyarı: 1.5 dCi krank / kol yatağı sarması.
kritik-arizalar,079-bmw-3-serisi-e90-n47-zamanlama-zinciri,1,BMW 3 Serisi E90 (E90/E91/E92 kasa · 2005–2012) sahipleri ve alıcıları için uyarı: N47 dizelde zamanlama zinciri uzaması
kritik-arizalar,080-audi-a4-b7-2-0-tdi-silindir-kapagi-catlamasi,1,"Audi A4 B7 (B7 kasa · 2004–2008) sahipleri ve alıcıları için uyarı: 2.0 TDI silindir kapağında gözenek ve çatlak, su eks"
kritik-arizalar,081-dacia-logan-mk1-1-5-dci-delphi-pompasi-talas-yapmasi,1,Dacia Logan Mk1 (L90 kasa · 2004–2012) sahipleri ve alıcıları için uyarı: 1.5 dCi Delphi yüksek basınç pompasının talaş 
kritik-arizalar,082-renault-megane-mk1-dizel-aksesuar-kayisi-triger-hasari,1,Renault Mégane Mk1 (X64 kasa · 1995–2002) sahipleri ve alıcıları için uyarı: Dizelde aksesuar kayışının parçalanıp trige
kritik-arizalar,083-volkswagen-jetta-mk5-kol-yatagi-1-9-tdi,1,Volkswagen Jetta 5. Nesil (1K kasa · 2005–2010) sahipleri ve alıcıları için uyarı: 1.9 TDI (BXE) kol yatağı sarması.
kritik-arizalar,084-peugeot-208-p21-puretech-triger-kayisi,1,Peugeot 208 Mk2 (P21 kasa · 2019’dan beri) sahipleri ve alıcıları için uyarı: 1.2 PureTech yağ içinde çalışan triger kay
kritik-arizalar,085-ford-fiesta-mk6-ecoboost-sogutma-hortumu-hararet,1,Ford Fiesta 6. nesil (B299 kasa · 2008–2017) sahipleri ve alıcıları için uyarı: 1.0 EcoBoost soğutma hortumu çatlaması v
kritik-arizalar,086-citroen-c4-c41-puretech-triger-kayisi,1,Citroën C4 3. nesil (C41 kasa · 2020’den beri) sahipleri ve alıcıları için uyarı: 1.2 PureTech yağ içinde çalışan triger
kritik-arizalar,087-opel-insignia-a-2-0-cdti-krank-yatagi-sarmasi,1,Opel Insignia A (G09 kasa · 2008–2017) sahipleri ve alıcıları için uyarı: 2.0 CDTI motorda krank yataklarının sarması.
kritik-arizalar,088-nissan-juke-f15-dci-krank-kol-yatagi,1,Nissan Juke F15 (F15 kasa · 2010–2019) sahipleri ve alıcıları için uyarı: 1.5 dCi krank / kol yatağı sarması.
kritik-arizalar,089-bmw-5-serisi-e60-m57-girdap-klapelerinin-kopmasi,1,BMW 5 Serisi E60 (E60/E61 kasa · 2003–2010) sahipleri ve alıcıları için uyarı: Emme manifoldu girdap klapelerinin kopup 
kritik-arizalar,090-dacia-logan-mk1-dci-krank-kol-yatagi,1,Dacia Logan Mk1 (L90 kasa · 2004–2012) sahipleri ve alıcıları için uyarı: 1.5 dCi krank / kol yatağı sarması.
kritik-arizalar,091-renault-fluence-mk1-1-5-dci-triger-kayisi-devirdaim,1,Renault Fluence (X38 kasa · 2009–2016) sahipleri ve alıcıları için uyarı: 1.5 dCi triger kayışı ve devirdaim arızası.
kritik-arizalar,092-volkswagen-jetta-mk5-silindir-kapagi-catlagi-2-0-tdi-pd,1,Volkswagen Jetta 5. Nesil (1K kasa · 2005–2010) sahipleri ve alıcıları için uyarı: 2.0 TDI (16 supaplı PD) silindir kapa
kritik-arizalar,093-peugeot-208-a9-puretech-triger-kayisi,1,Peugeot 208 Mk1 (A9 kasa · 2012–2019) sahipleri ve alıcıları için uyarı: 1.2 PureTech yağ içinde çalışan triger kayışını
kritik-arizalar,094-ford-fiesta-mk6-ecoboost-yag-icinde-triger-kayisi,1,Ford Fiesta 6. nesil (B299 kasa · 2008–2017) sahipleri ve alıcıları için uyarı: 1.0 EcoBoost yağ içinde çalışan triger k
kritik-arizalar,095-citroen-c4-c41-yuksek-gerilim-invertor-cekis-arizasi,1,Citroën C4 3. nesil (C41 kasa · 2020’den beri) sahipleri ve alıcıları için uyarı: Yüksek gerilim sisteminde invertör ya 
kritik-arizalar,096-opel-insignia-a-2-0-cdti-triger-kayisi-erken-yipranmasi,1,Opel Insignia A (G09 kasa · 2008–2017) sahipleri ve alıcıları için uyarı: 2.0 CDTI triger kayışı ve gergisinin erken yıp
kritik-arizalar,097-nissan-juke-f15-tce-1-2-yag-tuketimi,1,Nissan Juke F15 (F15 kasa · 2010–2019) sahipleri ve alıcıları için uyarı: 1.2 TCe aşırı yağ tüketimi ve motor hasarı.
kritik-arizalar,098-bmw-5-serisi-e60-n47-zamanlama-zinciri,1,BMW 5 Serisi E60 (E60/E61 kasa · 2003–2010) sahipleri ve alıcıları için uyarı: N47 dizelde zamanlama zinciri uzaması ve 
kritik-arizalar,099-dacia-lodgy-mk1-tce-1-2-yag-tuketimi,1,Dacia Lodgy (J92 kasa · 2012–2022) sahipleri ve alıcıları için uyarı: 1.2 TCe aşırı yağ tüketimi ve motor hasarı.
kritik-arizalar,100-renault-fluence-mk1-dci-krank-kol-yatagi,1,Renault Fluence (X38 kasa · 2009–2016) sahipleri ve alıcıları için uyarı: 1.5 dCi krank / kol yatağı sarması.
kritik-arizalar,101-volkswagen-jetta-mk5-zincir-gergisi-tsi-ea111,1,Volkswagen Jetta 5. Nesil (1K kasa · 2005–2010) sahipleri ve alıcıları için uyarı: 1.2 / 1.4 TSI (EA111) zincir gergisi 
kritik-arizalar,102-peugeot-308-t9-1-5-bluehdi-eksantrik-zinciri-uzamasi,1,Peugeot 308 Mk2 (T9 kasa · 2013–2021) sahipleri ve alıcıları için uyarı: 1.5 BlueHDi eksantrik zincirinin uzaması.
kritik-arizalar,103-ford-fiesta-mk7-ecoboost-sogutma-hortumu-hararet,1,Ford Fiesta 7. nesil (B479 kasa · 2017–2023) sahipleri ve alıcıları için uyarı: 1.0 EcoBoost soğutma hortumu çatlaması v
kritik-arizalar,104-citroen-c4-b7-puretech-triger-kayisi,1,Citroën C4 2. nesil (B7 kasa · 2010–2018) sahipleri ve alıcıları için uyarı: 1.2 PureTech yağ içinde çalışan triger kayı
kritik-arizalar,105-opel-combo-e-puretech-triger-kayisi,1,Opel Combo E (K9 kasa · 2018’den beri) sahipleri ve alıcıları için uyarı: 1.2 PureTech yağ içinde çalışan triger kayışın
kritik-arizalar,106-nissan-almera-n16-dci-krank-kol-yatagi,1,Nissan Almera N16 (N16 kasa · 2000–2006) sahipleri ve alıcıları için uyarı: 1.5 dCi krank / kol yatağı sarması.
kritik-arizalar,107-bmw-5-serisi-e39-v8-zincir-kizagi-asinmasi,1,BMW 5 Serisi E39 (E39 kasa · 1996–2003) sahipleri ve alıcıları için uyarı: V8 motorda zamanlama zinciri kızaklarının aşı
kritik-arizalar,108-dacia-dokker-mk1-tce-1-2-yag-tuketimi,1,Dacia Dokker (F67 kasa · 2012–2021) sahipleri ve alıcıları için uyarı: 1.2 TCe aşırı yağ tüketimi ve motor hasarı.
kritik-arizalar,109-renault-symbol-mk1-1-5-dci-aksesuar-kayisi-dagilmasi,1,Renault Clio Symbol (X65 kasa · 1999–2008) sahipleri ve alıcıları için uyarı: 1.5 dCi aksesuar kayışının dağılıp triger 
kritik-arizalar,110-volkswagen-jetta-mk6-zincir-gergisi-1-2-tsi,1,Volkswagen Jetta 6. Nesil (A6 kasa · 2010–2018) sahipleri ve alıcıları için uyarı: 1.2 / 1.4 TSI zincir gergisi.
kritik-arizalar,111-peugeot-308-t9-puretech-triger-kayisi,1,Peugeot 308 Mk2 (T9 kasa · 2013–2021) sahipleri ve alıcıları için uyarı: 1.2 PureTech yağ içinde çalışan triger kayışını
kritik-arizalar,112-ford-fiesta-mk7-ecoboost-yag-icinde-triger-kayisi,1,Ford Fiesta 7. nesil (B479 kasa · 2017–2023) sahipleri ve alıcıları için uyarı: 1.0 EcoBoost yağ içinde çalışan triger k
kritik-arizalar,113-citroen-berlingo-k9-1-5-bluehdi-eksantrik-zinciri-uzamasi,1,Citroën Berlingo 3. nesil (K9 kasa · 2018’den beri) sahipleri ve alıcıları için uyarı: 1.5 BlueHDi eksantrik zincirinin 
kritik-arizalar,114-nissan-almera-n16-dizel-enjeksiyon-pompasi-arizasi,1,Nissan Almera N16 (N16 kasa · 2000–2006) sahipleri ve alıcıları için uyarı: Dizel enjeksiyon pompasının arızalanması.
kritik-arizalar,115-bmw-5-serisi-f10-n20-zincir-kilavuzu,1,BMW 5 Serisi F10 (F10/F11 kasa · 2010–2017) sahipleri ve alıcıları için uyarı: N20 benzinlide zincir kılavuzu kırılması.
kritik-arizalar,116-renault-symbol-mk1-dci-krank-kol-yatagi,1,Renault Clio Symbol (X65 kasa · 1999–2008) sahipleri ve alıcıları için uyarı: 1.5 dCi krank / kol yatağı sarması.
kritik-arizalar,117-volkswagen-tiguan-mk1-yag-pompasi-alti-kose-mili,1,Volkswagen Tiguan Mk1 (5N kasa · 2007–2016) sahipleri ve alıcıları için uyarı: 2.0 TDI yağ pompası tahrik mili (altı köş
kritik-arizalar,118-peugeot-308-p5-puretech-triger-kayisi,1,Peugeot 308 Mk3 (P5 kasa · 2021’den beri) sahipleri ve alıcıları için uyarı: 1.2 PureTech yağ içinde çalışan triger kayı
kritik-arizalar,119-ford-puma-mk1-ecoboost-sogutma-hortumu-hararet,1,Ford Puma (2019’dan beri) sahipleri ve alıcıları için uyarı: 1.0 EcoBoost soğutma hortumu çatlaması ve hararet.
kritik-arizalar,120-citroen-berlingo-k9-puretech-triger-kayisi,1,Citroën Berlingo 3. nesil (K9 kasa · 2018’den beri) sahipleri ve alıcıları için uyarı: 1.2 PureTech yağ içinde çalışan t
kritik-arizalar,121-bmw-5-serisi-f10-n47-zamanlama-zinciri,1,BMW 5 Serisi F10 (F10/F11 kasa · 2010–2017) sahipleri ve alıcıları için uyarı: N47 dizelde zamanlama zinciri uzaması ve 
kritik-arizalar,122-renault-symbol-mk2-dci-aksesuar-kayisi-trigere-dolanmasi,1,Renault Symbol II (L35 kasa · 2008–2013) sahipleri ve alıcıları için uyarı: 1.5 dCi aksesuar kayışının yıpranıp triger k
kritik-arizalar,123-volkswagen-tiguan-mk1-zincir-gergisi-tsi-ea111,1,Volkswagen Tiguan Mk1 (5N kasa · 2007–2016) sahipleri ve alıcıları için uyarı: 1.2 / 1.4 TSI (EA111) zincir gergisi arız
kritik-arizalar,124-peugeot-rifter-mk1-1-5-bluehdi-eksantrik-zinciri-uzamasi,1,Peugeot Rifter (K9 kasa · 2018’den beri) sahipleri ve alıcıları için uyarı: 1.5 BlueHDi eksantrik zincirinin ve gergisin
kritik-arizalar,125-ford-puma-mk1-ecoboost-yag-icinde-triger-kayisi,1,Ford Puma (2019’dan beri) sahipleri ve alıcıları için uyarı: 1.0 EcoBoost yağ içinde çalışan triger kayışının aşınması.
kritik-arizalar,126-citroen-c5-aircross-c84-puretech-triger-kayisi,1,Citroën C5 Aircross 1. nesil (C84 kasa · 2017–2025) sahipleri ve alıcıları için uyarı: 1.2 PureTech yağ içinde çalışan t
kritik-arizalar,127-bmw-1-serisi-e87-benzinli-zamanlama-zinciri-gergisi-arizasi,1,BMW 1 Serisi E87 (E81/E87 kasa · 2004–2011) sahipleri ve alıcıları için uyarı: Benzinli 4 silindirde zamanlama zinciri g
kritik-arizalar,128-renault-symbol-mk2-dci-krank-kol-yatagi,1,Renault Symbol II (L35 kasa · 2008–2013) sahipleri ve alıcıları için uyarı: 1.5 dCi krank / kol yatağı sarması.
kritik-arizalar,129-peugeot-rifter-mk1-puretech-triger-kayisi,1,Peugeot Rifter (K9 kasa · 2018’den beri) sahipleri ve alıcıları için uyarı: 1.2 PureTech yağ içinde çalışan triger kayış
kritik-arizalar,130-ford-kuga-gen2-ecoboost-antifriz-kaybi-silindir-kapagi,1,Ford Kuga 2. nesil (C520 kasa · 2012–2019) sahipleri ve alıcıları için uyarı: 1.5 ve 1.6 EcoBoost motorlarda antifriz ka
kritik-arizalar,131-bmw-1-serisi-e87-n47-zamanlama-zinciri,1,BMW 1 Serisi E87 (E81/E87 kasa · 2004–2011) sahipleri ve alıcıları için uyarı: N47 dizelde zamanlama zinciri uzaması ve 
kritik-arizalar,132-renault-captur-mk1-tce-1-2-yag-tuketimi,1,Renault Captur Mk1 (J87 kasa · 2013–2019) sahipleri ve alıcıları için uyarı: 1.2 TCe aşırı yağ tüketimi ve motor hasarı.
kritik-arizalar,133-peugeot-5008-p87-puretech-triger-kayisi,1,Peugeot 5008 Mk2 (P87 kasa · 2017–2024) sahipleri ve alıcıları için uyarı: 1.2 PureTech yağ içinde çalışan triger kayışı
kritik-arizalar,134-ford-transit-courier-gen2-ecoboost-sogutma-hortumu-hararet,1,Ford Transit Courier 2. nesil (2023’ten beri) sahipleri ve alıcıları için uyarı: 1.0 EcoBoost soğutma hortumu çatlaması 
kritik-arizalar,135-bmw-1-serisi-f20-n47-zamanlama-zinciri,1,BMW 1 Serisi F20 (F20/F21 kasa · 2011–2019) sahipleri ve alıcıları için uyarı: N47 dizelde zamanlama zinciri uzaması ve 
kritik-arizalar,136-renault-kangoo-mk1-dci-krank-kol-yatagi,1,Renault Kangoo Mk1 (X76 kasa · 1997–2007) sahipleri ve alıcıları için uyarı: 1.5 dCi krank / kol yatağı sarması.
kritik-arizalar,137-ford-transit-courier-gen2-ecoboost-yag-icinde-triger-kayisi,1,Ford Transit Courier 2. nesil (2023’ten beri) sahipleri ve alıcıları için uyarı: 1.0 EcoBoost yağ içinde çalışan triger 
kritik-arizalar,138-renault-kangoo-mk2-dci-krank-kol-yatagi,1,Renault Kangoo Mk2 (X61 kasa · 2007–2020) sahipleri ve alıcıları için uyarı: 1.5 dCi krank / kol yatağı sarması.
kritik-arizalar,139-ford-transit-courier-gen1-ecoboost-sogutma-hortumu-hararet,1,Ford Transit Courier 1. nesil (2014–2023) sahipleri ve alıcıları için uyarı: 1.0 EcoBoost soğutma hortumu çatlaması ve h
kritik-arizalar,140-ford-transit-courier-gen1-ecoboost-yag-icinde-triger-kayisi,1,Ford Transit Courier 1. nesil (2014–2023) sahipleri ve alıcıları için uyarı: 1.0 EcoBoost yağ içinde çalışan triger kayı
kritik-arizalar,141-ford-tourneo-courier-gen1-ecoboost-sogutma-hortumu-hararet,1,Ford Tourneo Courier 1. nesil (2014–2023) sahipleri ve alıcıları için uyarı: 1.0 EcoBoost soğutma hortumu çatlaması ve h
kritik-arizalar,142-ford-tourneo-courier-gen1-ecoboost-yag-icinde-triger-kayisi,1,Ford Tourneo Courier 1. nesil (2014–2023) sahipleri ve alıcıları için uyarı: 1.0 EcoBoost yağ içinde çalışan triger kayı
kritik-arizalar,143-ford-tourneo-courier-gen2-ecoboost-sogutma-hortumu-hararet,1,Ford Tourneo Courier 2. nesil (2023’ten beri) sahipleri ve alıcıları için uyarı: 1.0 EcoBoost soğutma hortumu çatlaması 
kritik-arizalar,144-ford-tourneo-courier-gen2-ecoboost-yag-icinde-triger-kayisi,1,Ford Tourneo Courier 2. nesil (2023’ten beri) sahipleri ve alıcıları için uyarı: 1.0 EcoBoost yağ içinde çalışan triger 
kritik-arizalar,145-ford-mondeo-mk4-1-6-ecoboost-sogutma-sivisi-kaybi,1,Ford Mondeo 4. nesil (CD345 kasa · 2007–2014) sahipleri ve alıcıları için uyarı: 1.6 EcoBoost soğutma sıvısı kaybı ve aş
kritik-arizalar,146-ford-tourneo-connect-gen2-ecoboost-sogutma-hortumu-hararet,1,Ford Tourneo Connect 2. nesil (V408 kasa · 2013–2022) sahipleri ve alıcıları için uyarı: 1.0 EcoBoost soğutma hortumu ça
kritik-arizalar,147-ford-tourneo-connect-gen2-ecoboost-yag-icinde-triger-kayisi,1,Ford Tourneo Connect 2. nesil (V408 kasa · 2013–2022) sahipleri ve alıcıları için uyarı: 1.0 EcoBoost yağ içinde çalışan
kronik-arizalar,001-renault-clio-mk4,10,"Renault Clio Mk4 (X98 kasa · 2012–2019) alacaksanız ya da zaten kullanıyorsanız, bu nesilde en sık karşılaşılan kronik a"
kronik-arizalar,002-fiat-egea-mk1,10,"Fiat Egea (356 kasa · 2015’ten beri) alacaksanız ya da zaten kullanıyorsanız, bu nesilde en sık karşılaşılan kronik arız"
kronik-arizalar,003-volkswagen-golf-mk7,10,"Volkswagen Golf Mk7 (5G kasa · 2012–2020) alacaksanız ya da zaten kullanıyorsanız, bu nesilde en sık karşılaşılan kronik"
kronik-arizalar,004-toyota-corolla-e120,10,"Toyota Corolla E120 (E120 kasa · 2000–2007) alacaksanız ya da zaten kullanıyorsanız, bu nesilde en sık karşılaşılan kron"
kronik-arizalar,005-peugeot-3008-p84,10,"Peugeot 3008 Mk2 (P84 kasa · 2016–2024) alacaksanız ya da zaten kullanıyorsanız, bu nesilde en sık karşılaşılan kronik a"
kronik-arizalar,006-ford-focus-mk3,10,"Ford Focus 3. nesil (C346 kasa · 2011–2018) alacaksanız ya da zaten kullanıyorsanız, bu nesilde en sık karşılaşılan kron"
kronik-arizalar,007-hyundai-i20-pb,10,"Hyundai i20 Mk1 (PB kasa · 2008–2014) alacaksanız ya da zaten kullanıyorsanız, bu nesilde en sık karşılaşılan kronik arı"
kronik-arizalar,008-citroen-c-elysee-mk1,10,"Citroën C-Elysée (2012–2022) alacaksanız ya da zaten kullanıyorsanız, bu nesilde en sık karşılaşılan kronik arızaları de"
kronik-arizalar,009-opel-astra-j,10,"Opel Astra J (P09 kasa · 2009–2015) alacaksanız ya da zaten kullanıyorsanız, bu nesilde en sık karşılaşılan kronik arıza"
kronik-arizalar,010-skoda-octavia-mk4,10,"Škoda Octavia Mk4 (NX kasa · 2019’dan beri) alacaksanız ya da zaten kullanıyorsanız, bu nesilde en sık karşılaşılan kron"
kronik-arizalar,011-mercedes-benz-c-serisi-w203,10,"Mercedes-Benz C-Serisi W203 (W203 kasa · 2000–2007) alacaksanız ya da zaten kullanıyorsanız, bu nesilde en sık karşılaşı"
kronik-arizalar,012-kia-sportage-sl,10,"Kia Sportage Mk3 (SL kasa · 2010–2015) alacaksanız ya da zaten kullanıyorsanız, bu nesilde en sık karşılaşılan kronik ar"
kronik-arizalar,013-chery-tiggo-7-pro-mk1,10,"Chery Tiggo 7 Pro (T1E kasa · 2023’ten beri) alacaksanız ya da zaten kullanıyorsanız, bu nesilde en sık karşılaşılan kro"
kronik-arizalar,014-nissan-qashqai-j11,10,"Nissan Qashqai J11 (J11 kasa · 2013–2021) alacaksanız ya da zaten kullanıyorsanız, bu nesilde en sık karşılaşılan kronik"
kronik-arizalar,015-bmw-3-serisi-f30,10,"BMW 3 Serisi F30 (F30/F31 kasa · 2012–2019) alacaksanız ya da zaten kullanıyorsanız, bu nesilde en sık karşılaşılan kron"
kronik-arizalar,016-volvo-xc60-spa,10,"Volvo XC60 2. nesil (2017’den beri) alacaksanız ya da zaten kullanıyorsanız, bu nesilde en sık karşılaşılan kronik arıza"
kronik-arizalar,017-audi-a3-8y,11,"Audi A3 8Y (8Y kasa · 2020’den beri) alacaksanız ya da zaten kullanıyorsanız, bu nesilde en sık karşılaşılan kronik arız"
kronik-arizalar,018-dacia-duster-mk2,10,"Dacia Duster Mk2 (HM kasa · 2017–2024) alacaksanız ya da zaten kullanıyorsanız, bu nesilde en sık karşılaşılan kronik ar"
kronik-arizalar,019-jeep-compass-mp,10,"Jeep Compass MP (MP kasa · 2017’den beri) alacaksanız ya da zaten kullanıyorsanız, bu nesilde en sık karşılaşılan kronik"
kronik-arizalar,020-honda-civic-fb,10,"Honda Civic 9. nesil (FB/FK2 kasa · 2012–2016) alacaksanız ya da zaten kullanıyorsanız, bu nesilde en sık karşılaşılan k"
kronik-arizalar,021-tesla-model-y-mk1,10,"Tesla Model Y (2022’den beri) alacaksanız ya da zaten kullanıyorsanız, bu nesilde en sık karşılaşılan kronik arızaları d"
kronik-arizalar,022-suzuki-vitara-ly,9,"Suzuki Vitara LY (LY kasa · 2015’ten beri) alacaksanız ya da zaten kullanıyorsanız, bu nesilde en sık karşılaşılan kroni"
kronik-arizalar,023-seat-leon-mk3,10,"SEAT Leon Mk3 (5F kasa · 2012–2020) alacaksanız ya da zaten kullanıyorsanız, bu nesilde en sık karşılaşılan kronik arıza"
kronik-arizalar,024-mg-zs-mk1,8,"MG ZS (2019’dan beri) alacaksanız ya da zaten kullanıyorsanız, bu nesilde en sık karşılaşılan kronik arızaları derledik."
kronik-arizalar,025-renault-clio-mk2,10,"Renault Clio Mk2 (X65 kasa · 1998–2005) alacaksanız ya da zaten kullanıyorsanız, bu nesilde en sık karşılaşılan kronik a"
kronik-arizalar,026-fiat-linea-mk1,9,"Fiat Linea (323 kasa · 2007–2016) alacaksanız ya da zaten kullanıyorsanız, bu nesilde en sık karşılaşılan kronik arızala"
kronik-arizalar,027-volkswagen-golf-mk5,10,"Volkswagen Golf Mk5 (1K kasa · 2003–2008) alacaksanız ya da zaten kullanıyorsanız, bu nesilde en sık karşılaşılan kronik"
kronik-arizalar,028-toyota-corolla-e210,9,"Toyota Corolla E210 (E210 kasa · 2019’dan beri) alacaksanız ya da zaten kullanıyorsanız, bu nesilde en sık karşılaşılan "
kronik-arizalar,029-peugeot-3008-p64,8,"Peugeot 3008 Mk3 (P64 kasa · 2024’ten beri) alacaksanız ya da zaten kullanıyorsanız, bu nesilde en sık karşılaşılan kron"
kronik-arizalar,030-ford-focus-mk4,10,"Ford Focus 4. nesil (C519 kasa · 2018–2025) alacaksanız ya da zaten kullanıyorsanız, bu nesilde en sık karşılaşılan kron"
kronik-arizalar,031-hyundai-i20-bc3,10,"Hyundai i20 Mk3 (BC3 kasa · 2020’den beri) alacaksanız ya da zaten kullanıyorsanız, bu nesilde en sık karşılaşılan kroni"
kronik-arizalar,032-citroen-c3-cc21,10,"Citroën C3 4. nesil (CC21 kasa · 2024’ten beri) alacaksanız ya da zaten kullanıyorsanız, bu nesilde en sık karşılaşılan "
kronik-arizalar,033-opel-astra-h,10,"Opel Astra H (A04 kasa · 2004–2010) alacaksanız ya da zaten kullanıyorsanız, bu nesilde en sık karşılaşılan kronik arıza"
kronik-arizalar,034-skoda-octavia-mk3,10,"Škoda Octavia Mk3 (5E kasa · 2012–2020) alacaksanız ya da zaten kullanıyorsanız, bu nesilde en sık karşılaşılan kronik a"
kronik-arizalar,035-mercedes-benz-c-serisi-w205,10,"Mercedes-Benz C-Serisi W205 (W205 kasa · 2014–2021) alacaksanız ya da zaten kullanıyorsanız, bu nesilde en sık karşılaşı"
kronik-arizalar,036-kia-sportage-nq5,10,"Kia Sportage Mk5 (NQ5 kasa · 2021’den beri) alacaksanız ya da zaten kullanıyorsanız, bu nesilde en sık karşılaşılan kron"
kronik-arizalar,037-chery-tiggo-8-pro-mk1,10,"Chery Tiggo 8 Pro (2023’ten beri) alacaksanız ya da zaten kullanıyorsanız, bu nesilde en sık karşılaşılan kronik arızala"
kronik-arizalar,038-nissan-qashqai-j12,10,"Nissan Qashqai J12 (J12 kasa · 2021’den beri) alacaksanız ya da zaten kullanıyorsanız, bu nesilde en sık karşılaşılan kr"
kronik-arizalar,039-bmw-3-serisi-e36,10,"BMW 3 Serisi E36 (E36 kasa · 1991–1998) alacaksanız ya da zaten kullanıyorsanız, bu nesilde en sık karşılaşılan kronik a"
kronik-arizalar,040-volvo-xc40-cma,10,"Volvo XC40 (536 kasa · 2017’den beri) alacaksanız ya da zaten kullanıyorsanız, bu nesilde en sık karşılaşılan kronik arı"
kronik-arizalar,041-audi-a3-8p,10,"Audi A3 8P (8P kasa · 2003–2012) alacaksanız ya da zaten kullanıyorsanız, bu nesilde en sık karşılaşılan kronik arızalar"
kronik-arizalar,042-dacia-duster-mk1,10,"Dacia Duster Mk1 (HS kasa · 2010–2017) alacaksanız ya da zaten kullanıyorsanız, bu nesilde en sık karşılaşılan kronik ar"
kronik-arizalar,043-jeep-renegade-bu,10,"Jeep Renegade (BU kasa · 2014’ten beri) alacaksanız ya da zaten kullanıyorsanız, bu nesilde en sık karşılaşılan kronik a"
kronik-arizalar,044-honda-civic-fe,5,"Honda Civic 11. nesil (FE/FL kasa · 2021’den beri) alacaksanız ya da zaten kullanıyorsanız, bu nesilde en sık karşılaşıl"
kronik-arizalar,045-seat-leon-mk4,9,"SEAT Leon Mk4 (KL kasa · 2020’den beri) alacaksanız ya da zaten kullanıyorsanız, bu nesilde en sık karşılaşılan kronik a"
kronik-arizalar,046-renault-clio-mk5,10,"Renault Clio Mk5 (BJA kasa · 2019–2025) alacaksanız ya da zaten kullanıyorsanız, bu nesilde en sık karşılaşılan kronik a"
kronik-arizalar,047-fiat-doblo-gen1,8,"Fiat Doblò I (223 kasa · 2000–2010) alacaksanız ya da zaten kullanıyorsanız, bu nesilde en sık karşılaşılan kronik arıza"
kronik-arizalar,048-volkswagen-golf-mk6,10,"Volkswagen Golf Mk6 (5K kasa · 2008–2012) alacaksanız ya da zaten kullanıyorsanız, bu nesilde en sık karşılaşılan kronik"
kronik-arizalar,049-toyota-corolla-e140,10,"Toyota Corolla E140 (E140/E150 kasa · 2007–2013) alacaksanız ya da zaten kullanıyorsanız, bu nesilde en sık karşılaşılan"
kronik-arizalar,050-peugeot-2008-a94,10,"Peugeot 2008 Mk1 (A94 kasa · 2013–2019) alacaksanız ya da zaten kullanıyorsanız, bu nesilde en sık karşılaşılan kronik a"
kronik-arizalar,051-ford-focus-mk2,10,"Ford Focus 2. nesil (C307 kasa · 2004–2011) alacaksanız ya da zaten kullanıyorsanız, bu nesilde en sık karşılaşılan kron"
kronik-arizalar,052-hyundai-i20-gb,10,"Hyundai i20 Mk2 (GB kasa · 2014–2020) alacaksanız ya da zaten kullanıyorsanız, bu nesilde en sık karşılaşılan kronik arı"
kronik-arizalar,053-citroen-c3-sx,10,"Citroën C3 3. nesil (SX/SY kasa · 2016–2024) alacaksanız ya da zaten kullanıyorsanız, bu nesilde en sık karşılaşılan kro"
kronik-arizalar,054-opel-astra-l,10,"Opel Astra L (C02 kasa · 2021’den beri) alacaksanız ya da zaten kullanıyorsanız, bu nesilde en sık karşılaşılan kronik a"
kronik-arizalar,055-skoda-octavia-mk2,10,"Škoda Octavia Mk2 (1Z kasa · 2004–2013) alacaksanız ya da zaten kullanıyorsanız, bu nesilde en sık karşılaşılan kronik a"
kronik-arizalar,056-mercedes-benz-c-serisi-w204,10,"Mercedes-Benz C-Serisi W204 (W204 kasa · 2007–2014) alacaksanız ya da zaten kullanıyorsanız, bu nesilde en sık karşılaşı"
kronik-arizalar,057-kia-sportage-ql,10,"Kia Sportage Mk4 (QL kasa · 2015–2021) alacaksanız ya da zaten kullanıyorsanız, bu nesilde en sık karşılaşılan kronik ar"
kronik-arizalar,058-nissan-qashqai-j10,10,"Nissan Qashqai J10 (J10 kasa · 2007–2013) alacaksanız ya da zaten kullanıyorsanız, bu nesilde en sık karşılaşılan kronik"
kronik-arizalar,059-bmw-3-serisi-e46,10,"BMW 3 Serisi E46 (E46 kasa · 1998–2006) alacaksanız ya da zaten kullanıyorsanız, bu nesilde en sık karşılaşılan kronik a"
kronik-arizalar,060-audi-a3-8v,7,"Audi A3 8V (8V kasa · 2012–2020) alacaksanız ya da zaten kullanıyorsanız, bu nesilde en sık karşılaşılan kronik arızalar"
kronik-arizalar,061-dacia-duster-mk3,10,"Dacia Duster Mk3 (P1310 kasa · 2023’ten beri) alacaksanız ya da zaten kullanıyorsanız, bu nesilde en sık karşılaşılan kr"
kronik-arizalar,062-honda-civic-fc,6,"Honda Civic 10. nesil (FC/FK kasa · 2016–2021) alacaksanız ya da zaten kullanıyorsanız, bu nesilde en sık karşılaşılan k"
kronik-arizalar,063-seat-leon-mk2,8,"SEAT Leon Mk2 (1P kasa · 2005–2012) alacaksanız ya da zaten kullanıyorsanız, bu nesilde en sık karşılaşılan kronik arıza"
kronik-arizalar,064-renault-clio-mk3,10,"Renault Clio Mk3 (X85 kasa · 2005–2012) alacaksanız ya da zaten kullanıyorsanız, bu nesilde en sık karşılaşılan kronik a"
kronik-arizalar,065-fiat-fiorino-gen3,9,"Fiat Fiorino (225 kasa · 2007–2024) alacaksanız ya da zaten kullanıyorsanız, bu nesilde en sık karşılaşılan kronik arıza"
kronik-arizalar,066-volkswagen-golf-mk8,11,"Volkswagen Golf Mk8 (CD kasa · 2019’dan beri) alacaksanız ya da zaten kullanıyorsanız, bu nesilde en sık karşılaşılan kr"
kronik-arizalar,067-toyota-c-hr-ax10,11,"Toyota C-HR AX10 (AX10 kasa · 2016–2023) alacaksanız ya da zaten kullanıyorsanız, bu nesilde en sık karşılaşılan kronik "
kronik-arizalar,068-peugeot-2008-p24,10,"Peugeot 2008 Mk2 (P24 kasa · 2019’dan beri) alacaksanız ya da zaten kullanıyorsanız, bu nesilde en sık karşılaşılan kron"
kronik-arizalar,069-ford-focus-mk1,6,"Ford Focus 1. nesil (C170 kasa · 1998–2004) alacaksanız ya da zaten kullanıyorsanız, bu nesilde en sık karşılaşılan kron"
kronik-arizalar,070-hyundai-accent-rb,5,"Hyundai Accent Blue (RB) (RB kasa · 2011–2023) alacaksanız ya da zaten kullanıyorsanız, bu nesilde en sık karşılaşılan k"
kronik-arizalar,071-citroen-c4-c41,10,"Citroën C4 3. nesil (C41 kasa · 2020’den beri) alacaksanız ya da zaten kullanıyorsanız, bu nesilde en sık karşılaşılan k"
kronik-arizalar,072-opel-astra-g,10,"Opel Astra G (T98 kasa · 1998–2004) alacaksanız ya da zaten kullanıyorsanız, bu nesilde en sık karşılaşılan kronik arıza"
kronik-arizalar,073-skoda-superb-b8,10,"Škoda Superb 3. Nesil (3V kasa · 2015–2023) alacaksanız ya da zaten kullanıyorsanız, bu nesilde en sık karşılaşılan kron"
kronik-arizalar,074-mercedes-benz-c-serisi-w206,8,"Mercedes-Benz C-Serisi W206 (W206 kasa · 2021’den beri) alacaksanız ya da zaten kullanıyorsanız, bu nesilde en sık karşı"
kronik-arizalar,075-kia-ceed-ed,10,"Kia Cee’d Mk1 (ED kasa · 2006–2012) alacaksanız ya da zaten kullanıyorsanız, bu nesilde en sık karşılaşılan kronik arıza"
kronik-arizalar,076-nissan-micra-k14,10,"Nissan Micra K14 (K14 kasa · 2017–2023) alacaksanız ya da zaten kullanıyorsanız, bu nesilde en sık karşılaşılan kronik a"
kronik-arizalar,077-bmw-3-serisi-g20,11,"BMW 3 Serisi G20 (G20/G21 kasa · 2019’dan beri) alacaksanız ya da zaten kullanıyorsanız, bu nesilde en sık karşılaşılan "
kronik-arizalar,078-audi-a4-b8,10,"Audi A4 B8 (B8 kasa · 2007–2015) alacaksanız ya da zaten kullanıyorsanız, bu nesilde en sık karşılaşılan kronik arızalar"
kronik-arizalar,079-dacia-sandero-mk1,10,"Dacia Sandero Mk1 (B90 kasa · 2008–2012) alacaksanız ya da zaten kullanıyorsanız, bu nesilde en sık karşılaşılan kronik "
kronik-arizalar,080-honda-civic-fd,5,"Honda Civic 8. nesil (FD/FK kasa · 2006–2012) alacaksanız ya da zaten kullanıyorsanız, bu nesilde en sık karşılaşılan kr"
kronik-arizalar,081-seat-ibiza-mk4,10,"SEAT Ibiza 4. Nesil (6J kasa · 2008–2017) alacaksanız ya da zaten kullanıyorsanız, bu nesilde en sık karşılaşılan kronik"
kronik-arizalar,082-renault-megane-mk2,10,"Renault Mégane Mk2 (X84 kasa · 2002–2008) alacaksanız ya da zaten kullanıyorsanız, bu nesilde en sık karşılaşılan kronik"
kronik-arizalar,083-fiat-palio-gen1,7,"Fiat Palio (178 kasa · 1996–2011) alacaksanız ya da zaten kullanıyorsanız, bu nesilde en sık karşılaşılan kronik arızala"
kronik-arizalar,084-volkswagen-golf-mk4,9,"Volkswagen Golf Mk4 (1J kasa · 1997–2003) alacaksanız ya da zaten kullanıyorsanız, bu nesilde en sık karşılaşılan kronik"
kronik-arizalar,085-toyota-c-hr-ax20,5,"Toyota C-HR AX20 (AX20 kasa · 2023’ten beri) alacaksanız ya da zaten kullanıyorsanız, bu nesilde en sık karşılaşılan kro"
kronik-arizalar,086-peugeot-301-mk1,10,"Peugeot 301 (M33 kasa · 2012–2021) alacaksanız ya da zaten kullanıyorsanız, bu nesilde en sık karşılaşılan kronik arızal"
kronik-arizalar,087-ford-fiesta-mk6,10,"Ford Fiesta 6. nesil (B299 kasa · 2008–2017) alacaksanız ya da zaten kullanıyorsanız, bu nesilde en sık karşılaşılan kro"
kronik-arizalar,088-hyundai-tucson-nx4,10,"Hyundai Tucson Mk4 (NX4 kasa · 2020’den beri) alacaksanız ya da zaten kullanıyorsanız, bu nesilde en sık karşılaşılan kr"
kronik-arizalar,089-citroen-c4-b7,10,"Citroën C4 2. nesil (B7 kasa · 2010–2018) alacaksanız ya da zaten kullanıyorsanız, bu nesilde en sık karşılaşılan kronik"
kronik-arizalar,090-opel-astra-k,9,"Opel Astra K (B15/B16 kasa · 2015–2021) alacaksanız ya da zaten kullanıyorsanız, bu nesilde en sık karşılaşılan kronik a"
kronik-arizalar,091-skoda-superb-b6,6,"Škoda Superb 2. Nesil (3T kasa · 2008–2015) alacaksanız ya da zaten kullanıyorsanız, bu nesilde en sık karşılaşılan kron"
kronik-arizalar,092-mercedes-benz-e-serisi-w212,10,"Mercedes-Benz E-Serisi W212 (W212 kasa · 2009–2016) alacaksanız ya da zaten kullanıyorsanız, bu nesilde en sık karşılaşı"
kronik-arizalar,093-kia-ceed-cd,10,"Kia Ceed Mk3 (CD kasa · 2018–2025) alacaksanız ya da zaten kullanıyorsanız, bu nesilde en sık karşılaşılan kronik arızal"
kronik-arizalar,094-nissan-juke-f15,8,"Nissan Juke F15 (F15 kasa · 2010–2019) alacaksanız ya da zaten kullanıyorsanız, bu nesilde en sık karşılaşılan kronik ar"
kronik-arizalar,095-bmw-3-serisi-e90,10,"BMW 3 Serisi E90 (E90/E91/E92 kasa · 2005–2012) alacaksanız ya da zaten kullanıyorsanız, bu nesilde en sık karşılaşılan "
kronik-arizalar,096-audi-a4-b9,11,"Audi A4 B9 (B9 kasa · 2015’ten beri) alacaksanız ya da zaten kullanıyorsanız, bu nesilde en sık karşılaşılan kronik arız"
kronik-arizalar,097-dacia-sandero-mk3,10,"Dacia Sandero Mk3 (BJI kasa · 2020’den beri) alacaksanız ya da zaten kullanıyorsanız, bu nesilde en sık karşılaşılan kro"
kronik-arizalar,098-seat-ibiza-mk5,10,"SEAT Ibiza 5. Nesil (KJ kasa · 2017’den beri) alacaksanız ya da zaten kullanıyorsanız, bu nesilde en sık karşılaşılan kr"
kronik-arizalar,099-renault-megane-mk4,10,"Renault Mégane Mk4 (BFB kasa · 2015–2023) alacaksanız ya da zaten kullanıyorsanız, bu nesilde en sık karşılaşılan kronik"
kronik-arizalar,100-fiat-albea-gen2,9,"Fiat Albea (makyajlı) (178 kasa · 2005–2012) alacaksanız ya da zaten kullanıyorsanız, bu nesilde en sık karşılaşılan kro"
kronik-arizalar,101-volkswagen-passat-b8,10,"Volkswagen Passat B8 (3G kasa · 2014–2022) alacaksanız ya da zaten kullanıyorsanız, bu nesilde en sık karşılaşılan kroni"
kronik-arizalar,102-toyota-yaris-xp210,10,"Toyota Yaris XP210 (XP210 kasa · 2020’den beri) alacaksanız ya da zaten kullanıyorsanız, bu nesilde en sık karşılaşılan "
kronik-arizalar,103-peugeot-208-p21,10,"Peugeot 208 Mk2 (P21 kasa · 2019’dan beri) alacaksanız ya da zaten kullanıyorsanız, bu nesilde en sık karşılaşılan kroni"
kronik-arizalar,104-ford-fiesta-mk5,10,"Ford Fiesta 5. nesil (BE256 kasa · 2002–2008) alacaksanız ya da zaten kullanıyorsanız, bu nesilde en sık karşılaşılan kr"
kronik-arizalar,105-hyundai-tucson-lm,10,"Hyundai Tucson Mk2 (ix35) (LM kasa · 2009–2015) alacaksanız ya da zaten kullanıyorsanız, bu nesilde en sık karşılaşılan "
kronik-arizalar,106-citroen-berlingo-k9,10,"Citroën Berlingo 3. nesil (K9 kasa · 2018’den beri) alacaksanız ya da zaten kullanıyorsanız, bu nesilde en sık karşılaşı"
kronik-arizalar,107-opel-corsa-f,10,"Opel Corsa F (P2JO kasa · 2019’dan beri) alacaksanız ya da zaten kullanıyorsanız, bu nesilde en sık karşılaşılan kronik "
kronik-arizalar,108-skoda-fabia-mk2,10,"Škoda Fabia 2. Nesil (5J kasa · 2007–2014) alacaksanız ya da zaten kullanıyorsanız, bu nesilde en sık karşılaşılan kroni"
kronik-arizalar,109-mercedes-benz-e-serisi-w211,10,"Mercedes-Benz E-Serisi W211 (W211 kasa · 2002–2009) alacaksanız ya da zaten kullanıyorsanız, bu nesilde en sık karşılaşı"
kronik-arizalar,110-kia-ceed-jd,10,"Kia Cee’d Mk2 (JD kasa · 2012–2018) alacaksanız ya da zaten kullanıyorsanız, bu nesilde en sık karşılaşılan kronik arıza"
kronik-arizalar,111-nissan-almera-n16,8,"Nissan Almera N16 (N16 kasa · 2000–2006) alacaksanız ya da zaten kullanıyorsanız, bu nesilde en sık karşılaşılan kronik "
kronik-arizalar,112-bmw-5-serisi-e60,10,"BMW 5 Serisi E60 (E60/E61 kasa · 2003–2010) alacaksanız ya da zaten kullanıyorsanız, bu nesilde en sık karşılaşılan kron"
kronik-arizalar,113-audi-a4-b7,8,"Audi A4 B7 (B7 kasa · 2004–2008) alacaksanız ya da zaten kullanıyorsanız, bu nesilde en sık karşılaşılan kronik arızalar"
kronik-arizalar,114-dacia-sandero-mk2,11,"Dacia Sandero Mk2 (B52 kasa · 2012–2020) alacaksanız ya da zaten kullanıyorsanız, bu nesilde en sık karşılaşılan kronik "
kronik-arizalar,115-seat-ateca-mk1,11,"SEAT Ateca 1. Nesil (KH kasa · 2016’dan beri) alacaksanız ya da zaten kullanıyorsanız, bu nesilde en sık karşılaşılan kr"
kronik-arizalar,116-renault-megane-mk3,10,"Renault Mégane Mk3 (X95 kasa · 2008–2016) alacaksanız ya da zaten kullanıyorsanız, bu nesilde en sık karşılaşılan kronik"
kronik-arizalar,117-fiat-punto-mk3,10,"Fiat Grande Punto / Punto Evo (199 kasa · 2005–2018) alacaksanız ya da zaten kullanıyorsanız, bu nesilde en sık karşılaş"
kronik-arizalar,118-volkswagen-passat-b6,10,"Volkswagen Passat B6 (3C kasa · 2005–2010) alacaksanız ya da zaten kullanıyorsanız, bu nesilde en sık karşılaşılan kroni"
kronik-arizalar,119-toyota-yaris-xp90,11,"Toyota Yaris XP90 (XP90 kasa · 2005–2011) alacaksanız ya da zaten kullanıyorsanız, bu nesilde en sık karşılaşılan kronik"
kronik-arizalar,120-peugeot-208-a9,10,"Peugeot 208 Mk1 (A9 kasa · 2012–2019) alacaksanız ya da zaten kullanıyorsanız, bu nesilde en sık karşılaşılan kronik arı"
kronik-arizalar,121-ford-fiesta-mk7,10,"Ford Fiesta 7. nesil (B479 kasa · 2017–2023) alacaksanız ya da zaten kullanıyorsanız, bu nesilde en sık karşılaşılan kro"
kronik-arizalar,122-hyundai-tucson-tl,10,"Hyundai Tucson Mk3 (TL kasa · 2015–2021) alacaksanız ya da zaten kullanıyorsanız, bu nesilde en sık karşılaşılan kronik "
kronik-arizalar,123-citroen-berlingo-b9,10,"Citroën Berlingo 2. nesil (B9 kasa · 2008–2018) alacaksanız ya da zaten kullanıyorsanız, bu nesilde en sık karşılaşılan "
kronik-arizalar,124-opel-corsa-e,10,"Opel Corsa E (X15 kasa · 2014–2019) alacaksanız ya da zaten kullanıyorsanız, bu nesilde en sık karşılaşılan kronik arıza"
kronik-arizalar,125-skoda-fabia-mk3,5,"Škoda Fabia 3. Nesil (NJ kasa · 2014–2021) alacaksanız ya da zaten kullanıyorsanız, bu nesilde en sık karşılaşılan kroni"
kronik-arizalar,126-mercedes-benz-e-serisi-w213,5,"Mercedes-Benz E-Serisi W213 (W213 kasa · 2016–2023) alacaksanız ya da zaten kullanıyorsanız, bu nesilde en sık karşılaşı"
kronik-arizalar,127-kia-rio-ub,10,"Kia Rio Mk3 (UB kasa · 2011–2017) alacaksanız ya da zaten kullanıyorsanız, bu nesilde en sık karşılaşılan kronik arızala"
kronik-arizalar,128-bmw-5-serisi-e39,10,"BMW 5 Serisi E39 (E39 kasa · 1996–2003) alacaksanız ya da zaten kullanıyorsanız, bu nesilde en sık karşılaşılan kronik a"
kronik-arizalar,129-audi-a6-c8,10,"Audi A6 C8 (C8 kasa · 2018’den beri) alacaksanız ya da zaten kullanıyorsanız, bu nesilde en sık karşılaşılan kronik arız"
kronik-arizalar,130-dacia-logan-mk1,10,"Dacia Logan Mk1 (L90 kasa · 2004–2012) alacaksanız ya da zaten kullanıyorsanız, bu nesilde en sık karşılaşılan kronik ar"
kronik-arizalar,131-seat-arona-mk1,10,"SEAT Arona 1. Nesil (KJ kasa · 2017’den beri) alacaksanız ya da zaten kullanıyorsanız, bu nesilde en sık karşılaşılan kr"
kronik-arizalar,132-renault-megane-mk1,10,"Renault Mégane Mk1 (X64 kasa · 1995–2002) alacaksanız ya da zaten kullanıyorsanız, bu nesilde en sık karşılaşılan kronik"
kronik-arizalar,133-fiat-punto-mk2,9,"Fiat Punto Mk2 (188 kasa · 1999–2006) alacaksanız ya da zaten kullanıyorsanız, bu nesilde en sık karşılaşılan kronik arı"
kronik-arizalar,134-volkswagen-passat-b7,7,"Volkswagen Passat B7 (3C kasa · 2010–2015) alacaksanız ya da zaten kullanıyorsanız, bu nesilde en sık karşılaşılan kroni"
kronik-arizalar,135-toyota-yaris-xp130,8,"Toyota Yaris XP130 (XP130 kasa · 2011–2020) alacaksanız ya da zaten kullanıyorsanız, bu nesilde en sık karşılaşılan kron"
kronik-arizalar,136-peugeot-308-t9,10,"Peugeot 308 Mk2 (T9 kasa · 2013–2021) alacaksanız ya da zaten kullanıyorsanız, bu nesilde en sık karşılaşılan kronik arı"
kronik-arizalar,137-ford-puma-mk1,10,"Ford Puma (2019’dan beri) alacaksanız ya da zaten kullanıyorsanız, bu nesilde en sık karşılaşılan kronik arızaları derle"
kronik-arizalar,138-hyundai-bayon-bc3,9,"Hyundai Bayon (BC3 kasa · 2021’den beri) alacaksanız ya da zaten kullanıyorsanız, bu nesilde en sık karşılaşılan kronik "
kronik-arizalar,139-citroen-berlingo-m49,10,"Citroën Berlingo 1. nesil (M49 kasa · 1996–2008) alacaksanız ya da zaten kullanıyorsanız, bu nesilde en sık karşılaşılan"
kronik-arizalar,140-opel-corsa-d,10,"Opel Corsa D (S07 kasa · 2006–2014) alacaksanız ya da zaten kullanıyorsanız, bu nesilde en sık karşılaşılan kronik arıza"
kronik-arizalar,141-skoda-kamiq-mk1,10,"Škoda Kamiq 1. Nesil (NW kasa · 2019’dan beri) alacaksanız ya da zaten kullanıyorsanız, bu nesilde en sık karşılaşılan k"
kronik-arizalar,142-mercedes-benz-a-serisi-w177,10,"Mercedes-Benz A-Serisi W177 (W177 kasa · 2018’den beri) alacaksanız ya da zaten kullanıyorsanız, bu nesilde en sık karşı"
kronik-arizalar,143-kia-stonic-yb,10,"Kia Stonic (YB kasa · 2017’den beri) alacaksanız ya da zaten kullanıyorsanız, bu nesilde en sık karşılaşılan kronik arız"
kronik-arizalar,144-bmw-5-serisi-g30,8,"BMW 5 Serisi G30 (G30/G31 kasa · 2017–2023) alacaksanız ya da zaten kullanıyorsanız, bu nesilde en sık karşılaşılan kron"
kronik-arizalar,145-audi-a6-c7,7,"Audi A6 C7 (C7 kasa · 2011–2018) alacaksanız ya da zaten kullanıyorsanız, bu nesilde en sık karşılaşılan kronik arızalar"
kronik-arizalar,146-dacia-logan-mk2,10,"Dacia Logan Mk2 (L52 kasa · 2012–2020) alacaksanız ya da zaten kullanıyorsanız, bu nesilde en sık karşılaşılan kronik ar"
kronik-arizalar,147-renault-fluence-mk1,10,"Renault Fluence (X38 kasa · 2009–2016) alacaksanız ya da zaten kullanıyorsanız, bu nesilde en sık karşılaşılan kronik ar"
kronik-arizalar,148-volkswagen-polo-aw,10,"Volkswagen Polo AW (AW kasa · 2017’den beri) alacaksanız ya da zaten kullanıyorsanız, bu nesilde en sık karşılaşılan kro"
kronik-arizalar,149-toyota-auris-e150,10,"Toyota Auris E150 (E150 kasa · 2006–2012) alacaksanız ya da zaten kullanıyorsanız, bu nesilde en sık karşılaşılan kronik"
kronik-arizalar,150-peugeot-308-t7,10,"Peugeot 308 Mk1 (T7 kasa · 2007–2013) alacaksanız ya da zaten kullanıyorsanız, bu nesilde en sık karşılaşılan kronik arı"
kronik-arizalar,151-ford-kuga-gen3,10,"Ford Kuga 3. nesil (C482 kasa · 2019’dan beri) alacaksanız ya da zaten kullanıyorsanız, bu nesilde en sık karşılaşılan k"
kronik-arizalar,152-hyundai-i10-pa,6,"Hyundai i10 Mk1 (PA kasa · 2007–2013) alacaksanız ya da zaten kullanıyorsanız, bu nesilde en sık karşılaşılan kronik arı"
kronik-arizalar,153-citroen-c5-aircross-c84,10,"Citroën C5 Aircross 1. nesil (C84 kasa · 2017–2025) alacaksanız ya da zaten kullanıyorsanız, bu nesilde en sık karşılaşı"
kronik-arizalar,154-opel-corsa-c,9,"Opel Corsa C (X01 kasa · 2000–2007) alacaksanız ya da zaten kullanıyorsanız, bu nesilde en sık karşılaşılan kronik arıza"
kronik-arizalar,155-skoda-kodiaq-mk1,10,"Škoda Kodiaq 1. Nesil (NS kasa · 2016–2024) alacaksanız ya da zaten kullanıyorsanız, bu nesilde en sık karşılaşılan kron"
kronik-arizalar,156-mercedes-benz-a-serisi-w176,10,"Mercedes-Benz A-Serisi W176 (W176 kasa · 2012–2018) alacaksanız ya da zaten kullanıyorsanız, bu nesilde en sık karşılaşı"
kronik-arizalar,157-kia-rio-yb,8,"Kia Rio Mk4 (YB kasa · 2017–2023) alacaksanız ya da zaten kullanıyorsanız, bu nesilde en sık karşılaşılan kronik arızala"
kronik-arizalar,158-bmw-5-serisi-f10,5,"BMW 5 Serisi F10 (F10/F11 kasa · 2010–2017) alacaksanız ya da zaten kullanıyorsanız, bu nesilde en sık karşılaşılan kron"
kronik-arizalar,159-audi-q2-ga,6,"Audi Q2 GA (GA kasa · 2016’dan beri) alacaksanız ya da zaten kullanıyorsanız, bu nesilde en sık karşılaşılan kronik arız"
kronik-arizalar,160-dacia-lodgy-mk1,10,"Dacia Lodgy (J92 kasa · 2012–2022) alacaksanız ya da zaten kullanıyorsanız, bu nesilde en sık karşılaşılan kronik arızal"
kronik-arizalar,161-renault-symbol-mk3,10,"Renault Symbol III (L52 kasa · 2013–2020) alacaksanız ya da zaten kullanıyorsanız, bu nesilde en sık karşılaşılan kronik"
kronik-arizalar,162-volkswagen-polo-6r,10,"Volkswagen Polo 6R / 6C (6R / 6C kasa · 2009–2017) alacaksanız ya da zaten kullanıyorsanız, bu nesilde en sık karşılaşıl"
kronik-arizalar,163-toyota-auris-e180,5,"Toyota Auris E180 (E180 kasa · 2012–2018) alacaksanız ya da zaten kullanıyorsanız, bu nesilde en sık karşılaşılan kronik"
kronik-arizalar,164-peugeot-308-p5,10,"Peugeot 308 Mk3 (P5 kasa · 2021’den beri) alacaksanız ya da zaten kullanıyorsanız, bu nesilde en sık karşılaşılan kronik"
kronik-arizalar,165-ford-kuga-gen2,10,"Ford Kuga 2. nesil (C520 kasa · 2012–2019) alacaksanız ya da zaten kullanıyorsanız, bu nesilde en sık karşılaşılan kroni"
kronik-arizalar,166-hyundai-i30-fd,10,"Hyundai i30 Mk1 (FD kasa · 2007–2012) alacaksanız ya da zaten kullanıyorsanız, bu nesilde en sık karşılaşılan kronik arı"
kronik-arizalar,167-opel-corsa-b,8,"Opel Corsa B (S93 kasa · 1993–2000) alacaksanız ya da zaten kullanıyorsanız, bu nesilde en sık karşılaşılan kronik arıza"
kronik-arizalar,168-skoda-karoq-mk1,8,"Škoda Karoq 1. Nesil (NU kasa · 2017’den beri) alacaksanız ya da zaten kullanıyorsanız, bu nesilde en sık karşılaşılan k"
kronik-arizalar,169-mercedes-benz-cla-c117,10,"Mercedes-Benz CLA C117 (C117 kasa · 2013–2019) alacaksanız ya da zaten kullanıyorsanız, bu nesilde en sık karşılaşılan k"
kronik-arizalar,170-bmw-1-serisi-f40,11,"BMW 1 Serisi F40 (F40 kasa · 2019’dan beri) alacaksanız ya da zaten kullanıyorsanız, bu nesilde en sık karşılaşılan kron"
kronik-arizalar,171-dacia-jogger-mk1,10,"Dacia Jogger (2021’den beri) alacaksanız ya da zaten kullanıyorsanız, bu nesilde en sık karşılaşılan kronik arızaları de"
kronik-arizalar,172-renault-symbol-mk1,10,"Renault Clio Symbol (X65 kasa · 1999–2008) alacaksanız ya da zaten kullanıyorsanız, bu nesilde en sık karşılaşılan kroni"
kronik-arizalar,173-volkswagen-jetta-mk5,10,"Volkswagen Jetta 5. Nesil (1K kasa · 2005–2010) alacaksanız ya da zaten kullanıyorsanız, bu nesilde en sık karşılaşılan "
kronik-arizalar,174-toyota-yaris-cross-xp210,7,"Toyota Yaris Cross (XP210 kasa · 2020’den beri) alacaksanız ya da zaten kullanıyorsanız, bu nesilde en sık karşılaşılan "
kronik-arizalar,175-peugeot-partner-b9,10,"Peugeot Partner Mk2 (B9 kasa · 2008–2018) alacaksanız ya da zaten kullanıyorsanız, bu nesilde en sık karşılaşılan kronik"
kronik-arizalar,176-ford-tourneo-courier-gen1,11,"Ford Tourneo Courier 1. nesil (2014–2023) alacaksanız ya da zaten kullanıyorsanız, bu nesilde en sık karşılaşılan kronik"
kronik-arizalar,177-hyundai-i30-pd,10,"Hyundai i30 Mk3 (PD kasa · 2016’dan beri) alacaksanız ya da zaten kullanıyorsanız, bu nesilde en sık karşılaşılan kronik"
kronik-arizalar,178-opel-insignia-a,10,"Opel Insignia A (G09 kasa · 2008–2017) alacaksanız ya da zaten kullanıyorsanız, bu nesilde en sık karşılaşılan kronik ar"
kronik-arizalar,179-skoda-rapid-mk1,5,"Škoda Rapid 1. Nesil (NH kasa · 2012–2019) alacaksanız ya da zaten kullanıyorsanız, bu nesilde en sık karşılaşılan kroni"
kronik-arizalar,180-bmw-1-serisi-e87,10,"BMW 1 Serisi E87 (E81/E87 kasa · 2004–2011) alacaksanız ya da zaten kullanıyorsanız, bu nesilde en sık karşılaşılan kron"
kronik-arizalar,181-dacia-dokker-mk1,10,"Dacia Dokker (F67 kasa · 2012–2021) alacaksanız ya da zaten kullanıyorsanız, bu nesilde en sık karşılaşılan kronik arıza"
kronik-arizalar,182-renault-symbol-mk2,10,"Renault Symbol II (L35 kasa · 2008–2013) alacaksanız ya da zaten kullanıyorsanız, bu nesilde en sık karşılaşılan kronik "
kronik-arizalar,183-volkswagen-jetta-mk6,9,"Volkswagen Jetta 6. Nesil (A6 kasa · 2010–2018) alacaksanız ya da zaten kullanıyorsanız, bu nesilde en sık karşılaşılan "
kronik-arizalar,184-toyota-hilux-an110,5,"Toyota Hilux AN120 (AN120/AN130 kasa · 2015’ten beri) alacaksanız ya da zaten kullanıyorsanız, bu nesilde en sık karşıla"
kronik-arizalar,185-peugeot-partner-m49,10,"Peugeot Partner Mk1 (M49 kasa · 1996–2008) alacaksanız ya da zaten kullanıyorsanız, bu nesilde en sık karşılaşılan kroni"
kronik-arizalar,186-ford-tourneo-courier-gen2,8,"Ford Tourneo Courier 2. nesil (2023’ten beri) alacaksanız ya da zaten kullanıyorsanız, bu nesilde en sık karşılaşılan kr"
kronik-arizalar,187-hyundai-i30-gd,10,"Hyundai i30 Mk2 (GD kasa · 2011–2017) alacaksanız ya da zaten kullanıyorsanız, bu nesilde en sık karşılaşılan kronik arı"
kronik-arizalar,188-opel-insignia-b,10,"Opel Insignia B (Z18 kasa · 2017–2022) alacaksanız ya da zaten kullanıyorsanız, bu nesilde en sık karşılaşılan kronik ar"
kronik-arizalar,189-bmw-1-serisi-f20,8,"BMW 1 Serisi F20 (F20/F21 kasa · 2011–2019) alacaksanız ya da zaten kullanıyorsanız, bu nesilde en sık karşılaşılan kron"
kronik-arizalar,190-renault-taliant-mk1,10,"Renault Taliant (LJF kasa · 2021–2025) alacaksanız ya da zaten kullanıyorsanız, bu nesilde en sık karşılaşılan kronik ar"
kronik-arizalar,191-volkswagen-tiguan-mk1,10,"Volkswagen Tiguan Mk1 (5N kasa · 2007–2016) alacaksanız ya da zaten kullanıyorsanız, bu nesilde en sık karşılaşılan kron"
kronik-arizalar,192-peugeot-partner-k9,6,"Peugeot Partner Mk3 (K9 kasa · 2018’den beri) alacaksanız ya da zaten kullanıyorsanız, bu nesilde en sık karşılaşılan kr"
kronik-arizalar,193-ford-transit-connect-gen2,8,"Ford Transit Connect 2. nesil (V408 kasa · 2013–2022) alacaksanız ya da zaten kullanıyorsanız, bu nesilde en sık karşıla"
kronik-arizalar,194-hyundai-elantra-cn7,5,"Hyundai Elantra (CN7) (CN7 kasa · 2020’den beri) alacaksanız ya da zaten kullanıyorsanız, bu nesilde en sık karşılaşılan"
kronik-arizalar,195-opel-mokka-a,10,"Opel Mokka / Mokka X (J13 kasa · 2012–2019) alacaksanız ya da zaten kullanıyorsanız, bu nesilde en sık karşılaşılan kron"
kronik-arizalar,196-bmw-x1-f48,10,"BMW X1 F48 (F48 kasa · 2015–2022) alacaksanız ya da zaten kullanıyorsanız, bu nesilde en sık karşılaşılan kronik arızala"
kronik-arizalar,197-renault-captur-mk1,10,"Renault Captur Mk1 (J87 kasa · 2013–2019) alacaksanız ya da zaten kullanıyorsanız, bu nesilde en sık karşılaşılan kronik"
kronik-arizalar,198-volkswagen-tiguan-mk2,10,"Volkswagen Tiguan Mk2 (AD kasa · 2016–2023) alacaksanız ya da zaten kullanıyorsanız, bu nesilde en sık karşılaşılan kron"
kronik-arizalar,199-peugeot-rifter-mk1,10,"Peugeot Rifter (K9 kasa · 2018’den beri) alacaksanız ya da zaten kullanıyorsanız, bu nesilde en sık karşılaşılan kronik "
kronik-arizalar,200-ford-mondeo-mk4,10,"Ford Mondeo 4. nesil (CD345 kasa · 2007–2014) alacaksanız ya da zaten kullanıyorsanız, bu nesilde en sık karşılaşılan kr"
kronik-arizalar,201-hyundai-getz-tb,6,"Hyundai Getz (TB kasa · 2002–2011) alacaksanız ya da zaten kullanıyorsanız, bu nesilde en sık karşılaşılan kronik arızal"
kronik-arizalar,202-opel-vectra-c,10,"Opel Vectra C (2002–2008) alacaksanız ya da zaten kullanıyorsanız, bu nesilde en sık karşılaşılan kronik arızaları derle"
kronik-arizalar,203-renault-captur-mk2,10,"Renault Captur Mk2 (HJB kasa · 2019’dan beri) alacaksanız ya da zaten kullanıyorsanız, bu nesilde en sık karşılaşılan kr"
kronik-arizalar,204-volkswagen-tiguan-mk3,8,"Volkswagen Tiguan 3. Nesil (CT kasa · 2023’ten beri) alacaksanız ya da zaten kullanıyorsanız, bu nesilde en sık karşılaş"
kronik-arizalar,205-peugeot-207-mk1,10,"Peugeot 207 (A7 kasa · 2006–2014) alacaksanız ya da zaten kullanıyorsanız, bu nesilde en sık karşılaşılan kronik arızala"
kronik-arizalar,206-ford-mondeo-mk3,8,"Ford Mondeo 3. nesil (CD132 kasa · 2000–2007) alacaksanız ya da zaten kullanıyorsanız, bu nesilde en sık karşılaşılan kr"
kronik-arizalar,207-opel-zafira-b,10,"Opel Zafira B (A05 kasa · 2005–2011) alacaksanız ya da zaten kullanıyorsanız, bu nesilde en sık karşılaşılan kronik arız"
kronik-arizalar,208-renault-austral-mk1,10,"Renault Austral (HHN kasa · 2022’den beri) alacaksanız ya da zaten kullanıyorsanız, bu nesilde en sık karşılaşılan kroni"
kronik-arizalar,209-volkswagen-t-roc-mk1,10,"Volkswagen T-Roc 1. Nesil (A11 kasa · 2017’den beri) alacaksanız ya da zaten kullanıyorsanız, bu nesilde en sık karşılaş"
kronik-arizalar,210-peugeot-5008-p87,10,"Peugeot 5008 Mk2 (P87 kasa · 2017–2024) alacaksanız ya da zaten kullanıyorsanız, bu nesilde en sık karşılaşılan kronik a"
kronik-arizalar,211-ford-tourneo-connect-gen2,10,"Ford Tourneo Connect 2. nesil (V408 kasa · 2013–2022) alacaksanız ya da zaten kullanıyorsanız, bu nesilde en sık karşıla"
kronik-arizalar,212-opel-combo-e,8,"Opel Combo E (K9 kasa · 2018’den beri) alacaksanız ya da zaten kullanıyorsanız, bu nesilde en sık karşılaşılan kronik ar"
kronik-arizalar,213-renault-kangoo-mk1,10,"Renault Kangoo Mk1 (X76 kasa · 1997–2007) alacaksanız ya da zaten kullanıyorsanız, bu nesilde en sık karşılaşılan kronik"
kronik-arizalar,214-volkswagen-caddy-mk5,9,"Volkswagen Caddy 5. Nesil (SB kasa · 2020’den beri) alacaksanız ya da zaten kullanıyorsanız, bu nesilde en sık karşılaşı"
kronik-arizalar,215-peugeot-307-mk1,10,"Peugeot 307 (T5 kasa · 2001–2008) alacaksanız ya da zaten kullanıyorsanız, bu nesilde en sık karşılaşılan kronik arızala"
kronik-arizalar,216-ford-ranger-p703,5,"Ford Ranger T6.2 (P703 kasa · 2022’den beri) alacaksanız ya da zaten kullanıyorsanız, bu nesilde en sık karşılaşılan kro"
kronik-arizalar,217-renault-kangoo-mk3,10,"Renault Kangoo Mk3 (XFK kasa · 2020’den beri) alacaksanız ya da zaten kullanıyorsanız, bu nesilde en sık karşılaşılan kr"
kronik-arizalar,218-volkswagen-t-cross-mk1,9,"Volkswagen T-Cross 1. Nesil (C11 kasa · 2018’den beri) alacaksanız ya da zaten kullanıyorsanız, bu nesilde en sık karşıl"
kronik-arizalar,219-peugeot-206-mk1,10,"Peugeot 206 (T1 kasa · 1998–2012) alacaksanız ya da zaten kullanıyorsanız, bu nesilde en sık karşılaşılan kronik arızala"
kronik-arizalar,220-renault-kangoo-mk2,8,"Renault Kangoo Mk2 (X61 kasa · 2007–2020) alacaksanız ya da zaten kullanıyorsanız, bu nesilde en sık karşılaşılan kronik"
kronik-arizalar,221-volkswagen-transporter-t6,6,"Volkswagen Transporter T6 (T6 kasa · 2015–2024) alacaksanız ya da zaten kullanıyorsanız, bu nesilde en sık karşılaşılan "
kronik-arizalar,222-peugeot-306-mk1,10,"Peugeot 306 (N3 kasa · 1993–2002) alacaksanız ya da zaten kullanıyorsanız, bu nesilde en sık karşılaşılan kronik arızala"
kronik-arizalar,223-renault-kadjar-mk1,10,"Renault Kadjar (HFE kasa · 2015–2022) alacaksanız ya da zaten kullanıyorsanız, bu nesilde en sık karşılaşılan kronik arı"
kronik-arizalar,224-peugeot-406-mk1,10,"Peugeot 406 (D8 kasa · 1995–2004) alacaksanız ya da zaten kullanıyorsanız, bu nesilde en sık karşılaşılan kronik arızala"
kunye,001-renault-clio-mk4,1,Renault Clio Mk4 künyesi (X98 kasa · 2012–2019 · Hatchback).
kunye,002-fiat-egea-mk1,1,Fiat Egea künyesi (356 kasa · 2015’ten beri · Sedan).
kunye,003-volkswagen-golf-mk7,1,Volkswagen Golf Mk7 künyesi (5G kasa · 2012–2020 · Hatchback).
kunye,004-toyota-corolla-e120,1,Toyota Corolla E120 künyesi (E120 kasa · 2000–2007 · Sedan).
kunye,005-peugeot-3008-p84,1,Peugeot 3008 Mk2 künyesi (P84 kasa · 2016–2024 · SUV).
kunye,006-ford-focus-mk3,1,Ford Focus 3. nesil künyesi (C346 kasa · 2011–2018 · Hatchback).
kunye,007-hyundai-i20-pb,1,Hyundai i20 Mk1 künyesi (PB kasa · 2008–2014 · Hatchback).
kunye,008-citroen-c-elysee-mk1,1,Citroën C-Elysée künyesi (2012–2022 · Sedan).
kunye,009-opel-astra-j,1,Opel Astra J künyesi (P09 kasa · 2009–2015 · Hatchback).
kunye,010-togg-t10x-mk1,1,Togg T10X künyesi (2023’ten beri · SUV).
kunye,011-skoda-octavia-mk4,1,Škoda Octavia Mk4 künyesi (NX kasa · 2019’dan beri · Sedan).
kunye,012-mercedes-benz-c-serisi-w203,1,Mercedes-Benz C-Serisi W203 künyesi (W203 kasa · 2000–2007 · Sedan).
kunye,013-kia-sportage-sl,1,Kia Sportage Mk3 künyesi (SL kasa · 2010–2015 · SUV).
kunye,014-chery-tiggo-7-pro-mk1,1,Chery Tiggo 7 Pro künyesi (T1E kasa · 2023’ten beri · SUV).
kunye,015-nissan-qashqai-j11,1,Nissan Qashqai J11 künyesi (J11 kasa · 2013–2021 · SUV).
kunye,016-bmw-3-serisi-f30,1,BMW 3 Serisi F30 künyesi (F30/F31 kasa · 2012–2019 · Sedan).
kunye,017-kg-mobility-rexton-mk1,1,KG Mobility Rexton künyesi (2001’den beri · SUV).
kunye,018-volvo-xc60-spa,1,Volvo XC60 2. nesil künyesi (2017’den beri · SUV).
kunye,019-audi-a3-8y,1,Audi A3 8Y künyesi (8Y kasa · 2020’den beri · Hatchback).
kunye,020-omoda-omoda-5-mk1,1,Omoda Omoda 5 künyesi (T34 kasa · 2024’ten beri · SUV).
kunye,021-jaecoo-jaecoo-7-mk1,1,Jaecoo Jaecoo 7 künyesi (T1EJ kasa · 2024’ten beri · SUV).
kunye,022-dacia-duster-mk2,1,Dacia Duster Mk2 künyesi (HM kasa · 2017–2024 · SUV).
kunye,023-byd-atto-3-mk1,1,BYD Atto 3 künyesi (SC2E kasa · 2023’ten beri · SUV).
kunye,024-jeep-compass-mp,1,Jeep Compass MP künyesi (MP kasa · 2017’den beri · SUV).
kunye,025-honda-civic-fb,1,Honda Civic 9. nesil künyesi (FB/FK2 kasa · 2012–2016 · Sedan).
kunye,026-cupra-formentor-mk1,1,Cupra Formentor 1. Nesil künyesi (KM kasa · 2020’den beri · SUV).
kunye,027-tesla-model-y-mk1,1,Tesla Model Y künyesi (2022’den beri · SUV).
kunye,028-mini-cooper-f66,1,Mini Cooper F66/J01 künyesi (F66/J01 kasa · 2024’ten beri · Hatchback).
kunye,029-suzuki-vitara-ly,1,Suzuki Vitara LY künyesi (LY kasa · 2015’ten beri · SUV).
kunye,030-seat-leon-mk3,1,SEAT Leon Mk3 künyesi (5F kasa · 2012–2020 · Hatchback).
kunye,031-iveco-daily-mk1,1,Iveco Daily künyesi (1978’den beri · Ticari).
kunye,032-mg-zs-mk1,1,MG ZS künyesi (2019’dan beri · SUV).
kunye,033-land-rover-defender-l663,1,Land Rover Defender L663 künyesi (L663 kasa · 2020’den beri · SUV).
kunye,034-isuzu-d-max-mk1,1,Isuzu D-Max künyesi (2002’den beri · Pick-up).
kunye,035-porsche-cayenne-9ya,1,Porsche Cayenne 3. Nesil künyesi (9YA kasa · 2017’den beri · SUV).
kunye,036-alfa-romeo-giulia-tipo952,1,Alfa Romeo Giulia künyesi (952 kasa · 2015’ten beri · Sedan).
kunye,037-ds-automobiles-ds3-d34,1,DS Automobiles DS 3 Crossback künyesi (D34 kasa · 2019’dan beri · Hatchback).
kunye,038-lexus-is-xe40,1,Lexus IS XE40 künyesi (XE40 kasa · 2020’den beri · Sedan).
kunye,039-subaru-outback-bt,1,Subaru Outback BT künyesi (BT kasa · 2019’dan beri · Station wagon).
kunye,040-maxus-deliver-9-mk1,1,Maxus Deliver 9 künyesi (2021’den beri · Ticari).
kunye,041-forthing-t5-evo-mk1,1,Forthing T5 EVO künyesi (2023’ten beri · SUV).
kunye,042-swm-g01-mk1,1,SWM G01 Pro künyesi (2022’den beri · SUV).
kunye,043-skywell-et5-mk1,1,Skywell ET5 künyesi (2023’ten beri · SUV).
kunye,044-dfsk-e5-mk1,1,DFSK E5 künyesi (2023’ten beri · SUV).
kunye,045-tofas-sahin-mk1,1,Tofaş Şahin künyesi (131 kasa · 1990–2002 · Sedan).
kunye,046-renault-clio-mk2,1,Renault Clio Mk2 künyesi (X65 kasa · 1998–2005 · Hatchback).
kunye,047-fiat-linea-mk1,1,Fiat Linea künyesi (323 kasa · 2007–2016 · Sedan).
kunye,048-volkswagen-golf-mk5,1,Volkswagen Golf Mk5 künyesi (1K kasa · 2003–2008 · Hatchback).
kunye,049-toyota-corolla-e210,1,Toyota Corolla E210 künyesi (E210 kasa · 2019’dan beri · Sedan).
kunye,050-peugeot-3008-p64,1,Peugeot 3008 Mk3 künyesi (P64 kasa · 2024’ten beri · SUV).
kunye,051-ford-focus-mk4,1,Ford Focus 4. nesil künyesi (C519 kasa · 2018–2025 · Hatchback).
kunye,052-hyundai-i20-bc3,1,Hyundai i20 Mk3 künyesi (BC3 kasa · 2020’den beri · Hatchback).
kunye,053-citroen-c3-cc21,1,Citroën C3 4. nesil künyesi (CC21 kasa · 2024’ten beri · Hatchback).
kunye,054-opel-astra-h,1,Opel Astra H künyesi (A04 kasa · 2004–2010 · Hatchback).
kunye,055-togg-t10f-mk1,1,Togg T10F künyesi (2024’ten beri · Sedan).
kunye,056-skoda-octavia-mk3,1,Škoda Octavia Mk3 künyesi (5E kasa · 2012–2020 · Sedan).
kunye,057-mercedes-benz-c-serisi-w205,1,Mercedes-Benz C-Serisi W205 künyesi (W205 kasa · 2014–2021 · Sedan).
kunye,058-kia-sportage-nq5,1,Kia Sportage Mk5 künyesi (NQ5 kasa · 2021’den beri · SUV).
kunye,059-chery-tiggo-8-pro-mk1,1,Chery Tiggo 8 Pro künyesi (2023’ten beri · SUV).
kunye,060-nissan-qashqai-j12,1,Nissan Qashqai J12 künyesi (J12 kasa · 2021’den beri · SUV).
kunye,061-bmw-3-serisi-e36,1,BMW 3 Serisi E36 künyesi (E36 kasa · 1991–1998 · Sedan).
kunye,062-kg-mobility-korando-mk1,1,KG Mobility Korando künyesi (1996’dan beri · SUV).
kunye,063-volvo-xc40-cma,1,Volvo XC40 künyesi (536 kasa · 2017’den beri · SUV).
kunye,064-audi-a3-8p,1,Audi A3 8P künyesi (8P kasa · 2003–2012 · Hatchback).
kunye,065-dacia-duster-mk1,1,Dacia Duster Mk1 künyesi (HS kasa · 2010–2017 · SUV).
kunye,066-byd-seal-mk1,1,BYD Seal künyesi (EK kasa · 2023’ten beri · Sedan).
kunye,067-jeep-renegade-bu,1,Jeep Renegade künyesi (BU kasa · 2014’ten beri · SUV).
kunye,068-honda-civic-fe,1,Honda Civic 11. nesil künyesi (FE/FL kasa · 2021’den beri · Sedan).
kunye,069-cupra-leon-mk1,1,Cupra Cupra Leon 1. Nesil künyesi (KL kasa · 2020’den beri · Hatchback).
kunye,070-tesla-model-3-mk1,1,Tesla Model 3 künyesi (2019–2022 · Sedan).
kunye,071-mini-countryman-u25,1,Mini Countryman U25 künyesi (U25 kasa · 2023’ten beri · SUV).
kunye,072-suzuki-vitara-et,1,Suzuki Vitara ET künyesi (ET/TA kasa · 1988–1998 · SUV).
kunye,073-seat-leon-mk4,1,SEAT Leon Mk4 künyesi (KL kasa · 2020’den beri · Hatchback).
kunye,074-mg-hs-mk1,1,MG HS künyesi (2021’den beri · SUV).
kunye,075-land-rover-discovery-mk5,1,Land Rover Discovery 5 künyesi (L462 kasa · 2017’den beri · SUV).
kunye,076-porsche-macan-95b,1,Porsche Macan 1. Nesil künyesi (95B kasa · 2014’ten beri · SUV).
kunye,077-alfa-romeo-stelvio-tipo949,1,Alfa Romeo Stelvio künyesi (949 kasa · 2016’dan beri · SUV).
kunye,078-ds-automobiles-ds4-d41,1,DS Automobiles DS 4 2. nesil künyesi (D41 kasa · 2021’den beri · Hatchback).
kunye,079-lexus-es-xz10,1,Lexus ES XZ10 künyesi (XZ10 kasa · 2018’den beri · Sedan).
kunye,080-subaru-forester-sk,1,Subaru Forester SK künyesi (SK kasa · 2018’den beri · SUV).
kunye,081-maxus-edeliver-3-mk1,1,Maxus eDeliver 3 künyesi (2021’den beri · Ticari).
kunye,082-dfsk-fengon-500-mk1,1,DFSK Fengon 500 künyesi (2023’ten beri · SUV).
kunye,083-tofas-dogan-mk1,1,Tofaş Doğan künyesi (131 kasa · 1990–2002 · Sedan).
kunye,084-renault-clio-mk5,1,Renault Clio Mk5 künyesi (BJA kasa · 2019–2025 · Hatchback).
kunye,085-fiat-doblo-gen1,1,Fiat Doblò I künyesi (223 kasa · 2000–2010 · MPV).
kunye,086-volkswagen-golf-mk6,1,Volkswagen Golf Mk6 künyesi (5K kasa · 2008–2012 · Hatchback).
kunye,087-toyota-corolla-e140,1,Toyota Corolla E140 künyesi (E140/E150 kasa · 2007–2013 · Sedan).
kunye,088-peugeot-3008-t84,1,Peugeot 3008 Mk1 künyesi (T84 kasa · 2008–2016 · SUV).
kunye,089-ford-focus-mk2,1,Ford Focus 2. nesil künyesi (C307 kasa · 2004–2011 · Hatchback).
kunye,090-hyundai-i20-gb,1,Hyundai i20 Mk2 künyesi (GB kasa · 2014–2020 · Hatchback).
kunye,091-citroen-c3-sx,1,Citroën C3 3. nesil künyesi (SX/SY kasa · 2016–2024 · Hatchback).
kunye,092-opel-astra-l,1,Opel Astra L künyesi (C02 kasa · 2021’den beri · Hatchback).
kunye,093-skoda-octavia-mk2,1,Škoda Octavia Mk2 künyesi (1Z kasa · 2004–2013 · Sedan).
kunye,094-mercedes-benz-c-serisi-w204,1,Mercedes-Benz C-Serisi W204 künyesi (W204 kasa · 2007–2014 · Sedan).
kunye,095-kia-sportage-ql,1,Kia Sportage Mk4 künyesi (QL kasa · 2015–2021 · SUV).
kunye,096-nissan-qashqai-j10,1,Nissan Qashqai J10 künyesi (J10 kasa · 2007–2013 · SUV).
kunye,097-bmw-3-serisi-e46,1,BMW 3 Serisi E46 künyesi (E46 kasa · 1998–2006 · Sedan).
kunye,098-kg-mobility-tivoli-mk1,1,KG Mobility Tivoli künyesi (X100 kasa · 2015’ten beri · SUV).
kunye,099-volvo-xc60-p3,1,Volvo XC60 1. nesil künyesi (2008–2017 · SUV).
kunye,100-audi-a3-8v,1,Audi A3 8V künyesi (8V kasa · 2012–2020 · Hatchback).
kunye,101-dacia-duster-mk3,1,Dacia Duster Mk3 künyesi (P1310 kasa · 2023’ten beri · SUV).
kunye,102-byd-seal-u-mk1,1,BYD Seal U künyesi (SA3 kasa · 2024’ten beri · SUV).
kunye,103-jeep-compass-mk,1,Jeep Compass MK künyesi (MK49 kasa · 2006–2016 · SUV).
kunye,104-honda-civic-fc,1,Honda Civic 10. nesil künyesi (FC/FK kasa · 2016–2021 · Sedan).
kunye,105-cupra-born-mk1,1,Cupra Born 1. Nesil künyesi (2021’den beri · Hatchback).
kunye,106-mini-cabrio-f57,1,Mini Cabrio F57 künyesi (F57 kasa · 2015’ten beri · Coupe).
kunye,107-suzuki-ignis-mf,1,Suzuki Ignis MF künyesi (MF kasa · 2016’dan beri · Hatchback).
kunye,108-seat-leon-mk2,1,SEAT Leon Mk2 künyesi (1P kasa · 2005–2012 · Hatchback).
kunye,109-mg-mg4-mk1,1,MG MG4 künyesi (2023’ten beri · Hatchback).
kunye,110-land-rover-discovery-sport-l550,1,Land Rover Discovery Sport künyesi (L550 kasa · 2014’ten beri · SUV).
kunye,111-porsche-911-992,1,Porsche 911 (992) künyesi (992 kasa · 2019’dan beri · Coupe).
kunye,112-alfa-romeo-tonale-mk1,1,Alfa Romeo Tonale künyesi (965 kasa · 2022’den beri · SUV).
kunye,113-ds-automobiles-ds7-mk1,1,DS Automobiles DS 7 künyesi (X74 kasa · 2017’den beri · SUV).
kunye,114-lexus-ls-f50,1,Lexus LS XF50 künyesi (XF50 kasa · 2018’den beri · Sedan).
kunye,115-subaru-brz-zd8,1,Subaru BRZ ZD8 künyesi (ZD8 kasa · 2021’den beri · Coupe).
kunye,116-tofas-kartal-mk1,1,Tofaş Kartal künyesi (131 kasa · 1990–2002 · Station wagon).
kunye,117-renault-clio-mk3,1,Renault Clio Mk3 künyesi (X85 kasa · 2005–2012 · Hatchback).
kunye,118-fiat-doblo-gen3,1,Fiat Doblò III künyesi (K9 kasa · 2023’ten beri · MPV).
kunye,119-volkswagen-golf-mk8,1,Volkswagen Golf Mk8 künyesi (CD kasa · 2019’dan beri · Hatchback).
kunye,120-toyota-corolla-e170,1,Toyota Corolla E170 künyesi (E170 kasa · 2013–2019 · Sedan).
kunye,121-peugeot-2008-a94,1,Peugeot 2008 Mk1 künyesi (A94 kasa · 2013–2019 · SUV).
kunye,122-ford-focus-mk1,1,Ford Focus 1. nesil künyesi (C170 kasa · 1998–2004 · Hatchback).
kunye,123-hyundai-accent-rb,1,Hyundai Accent Blue (RB) künyesi (RB kasa · 2011–2023 · Sedan).
kunye,124-citroen-c3-sc,1,Citroën C3 2. nesil künyesi (SC kasa · 2009–2016 · Hatchback).
kunye,125-opel-astra-g,1,Opel Astra G künyesi (T98 kasa · 1998–2004 · Hatchback).
kunye,126-skoda-superb-b8,1,Škoda Superb 3. Nesil künyesi (3V kasa · 2015–2023 · Sedan).
kunye,127-mercedes-benz-c-serisi-w206,1,Mercedes-Benz C-Serisi W206 künyesi (W206 kasa · 2021’den beri · Sedan).
kunye,128-kia-sportage-je,1,Kia Sportage Mk2 künyesi (JE kasa · 2004–2010 · SUV).
kunye,129-nissan-micra-k14,1,Nissan Micra K14 künyesi (K14 kasa · 2017–2023 · Hatchback).
kunye,130-bmw-3-serisi-g20,1,BMW 3 Serisi G20 künyesi (G20/G21 kasa · 2019’dan beri · Sedan).
kunye,131-kg-mobility-torres-mk1,1,KG Mobility Torres künyesi (J100/U100 kasa · 2023’ten beri · SUV).
kunye,132-volvo-s60-spa,1,Volvo S60 3. nesil künyesi (224 kasa · 2018’den beri · Sedan).
kunye,133-audi-a4-b8,1,Audi A4 B8 künyesi (B8 kasa · 2007–2015 · Sedan).
kunye,134-dacia-sandero-mk1,1,Dacia Sandero Mk1 künyesi (B90 kasa · 2008–2012 · Hatchback).
kunye,135-byd-dolphin-mk1,1,BYD Dolphin künyesi (EA1/EM2E kasa · 2024’ten beri · Hatchback).
kunye,136-jeep-grand-cherokee-wl,1,Jeep Grand Cherokee WL künyesi (WL kasa · 2021’den beri · SUV).
kunye,137-honda-civic-fd,1,Honda Civic 8. nesil künyesi (FD/FK kasa · 2006–2012 · Sedan).
kunye,138-cupra-terramar-mk1,1,Cupra Terramar 1. Nesil künyesi (2024’ten beri · SUV).
kunye,139-mini-cooper-f56,1,Mini Cooper F56 künyesi (F56 kasa · 2014–2024 · Hatchback).
kunye,140-suzuki-s-cross-jyb,1,Suzuki S-Cross 2. nesil künyesi (JYB kasa · 2021’den beri · SUV).
kunye,141-seat-ibiza-mk4,1,SEAT Ibiza 4. Nesil künyesi (6J kasa · 2008–2017 · Hatchback).
kunye,142-mg-mg3-mk1,1,MG MG3 künyesi (ZP22 kasa · 2024’ten beri · Hatchback).
kunye,143-land-rover-range-rover-l460,1,Land Rover Range Rover L460 künyesi (L460 kasa · 2021’den beri · SUV).
kunye,144-porsche-panamera-972,1,Porsche Panamera 3. Nesil künyesi (972 kasa · 2023’ten beri · Sedan).
kunye,145-alfa-romeo-giulietta-tipo940,1,Alfa Romeo Giulietta künyesi (940 kasa · 2010–2020 · Hatchback).
kunye,146-ds-automobiles-ds9-mk1,1,DS Automobiles DS 9 künyesi (X83 kasa · 2020’den beri · Sedan).
kunye,147-lexus-ux-mzah,1,Lexus UX künyesi (MZAH kasa · 2018’den beri · SUV).
kunye,148-subaru-impreza-gk,1,Subaru Impreza GK künyesi (GK/GT kasa · 2016–2023 · Hatchback).
kunye,149-tofas-serce-mk1,1,Tofaş Serçe künyesi (124 kasa · 1990–1994 · Sedan).
kunye,150-renault-clio-mk6,1,Renault Clio Mk6 künyesi (B1318 kasa · 2025’ten beri · Hatchback).
kunye,151-fiat-doblo-gen2,1,Fiat Doblò II künyesi (263 kasa · 2009–2022 · MPV).
kunye,152-volkswagen-golf-mk4,1,Volkswagen Golf Mk4 künyesi (1J kasa · 1997–2003 · Hatchback).
kunye,153-toyota-corolla-e110,1,Toyota Corolla E110 künyesi (E110 kasa · 1995–2000 · Sedan).
kunye,154-peugeot-2008-p24,1,Peugeot 2008 Mk2 künyesi (P24 kasa · 2019’dan beri · SUV).
kunye,155-ford-fiesta-mk6,1,Ford Fiesta 6. nesil künyesi (B299 kasa · 2008–2017 · Hatchback).
kunye,156-hyundai-accent-mc,1,Hyundai Accent Era (MC) künyesi (MC kasa · 2006–2011 · Sedan).
kunye,157-citroen-c3-fc,1,Citroën C3 1. nesil künyesi (FC/FN kasa · 2002–2010 · Hatchback).
kunye,158-opel-astra-k,1,Opel Astra K künyesi (B15/B16 kasa · 2015–2021 · Hatchback).
kunye,159-skoda-superb-b6,1,Škoda Superb 2. Nesil künyesi (3T kasa · 2008–2015 · Sedan).
kunye,160-mercedes-benz-c-serisi-w202,1,Mercedes-Benz C-Serisi W202 künyesi (W202 kasa · 1993–2000 · Sedan).
kunye,161-kia-sportage-nb,1,Kia Sportage Mk1 künyesi (NB kasa · 1993–2004 · SUV).
kunye,162-nissan-juke-f15,1,Nissan Juke F15 künyesi (F15 kasa · 2010–2019 · SUV).
kunye,163-bmw-3-serisi-e90,1,BMW 3 Serisi E90 künyesi (E90/E91/E92 kasa · 2005–2012 · Sedan).
kunye,164-kg-mobility-musso-mk1,1,KG Mobility Musso künyesi (Q200 kasa · 2018’den beri · Pick-up).
kunye,165-volvo-s90-spa,1,Volvo S90 künyesi (2016’dan beri · Sedan).
kunye,166-audi-a4-b9,1,Audi A4 B9 künyesi (B9 kasa · 2015’ten beri · Sedan).
kunye,167-dacia-sandero-mk3,1,Dacia Sandero Mk3 künyesi (BJI kasa · 2020’den beri · Hatchback).
kunye,168-byd-han-mk1,1,BYD Han künyesi (2024’ten beri · Sedan).
kunye,169-jeep-wrangler-jl,1,Jeep Wrangler JL künyesi (JL kasa · 2018’den beri · SUV).
kunye,170-honda-civic-es,1,Honda Civic 7. nesil künyesi (ES/EU kasa · 2001–2006 · Sedan).
kunye,171-mini-clubman-f54,1,Mini Clubman F54 künyesi (F54 kasa · 2015–2024 · Station wagon).
kunye,172-suzuki-jimny-jb74,1,Suzuki Jimny JB74 künyesi (JB74 kasa · 2018’den beri · SUV).
kunye,173-seat-ibiza-mk5,1,SEAT Ibiza 5. Nesil künyesi (KJ kasa · 2017’den beri · Hatchback).
kunye,174-mg-marvel-r-mk1,1,MG Marvel R künyesi (2021–2023 · SUV).
kunye,175-land-rover-range-rover-sport-l461,1,Land Rover Range Rover Sport L461 künyesi (L461 kasa · 2022’den beri · SUV).
kunye,176-porsche-taycan-j1,1,Porsche Taycan 1. Nesil künyesi (9J1 kasa · 2019’dan beri · Sedan).
kunye,177-alfa-romeo-mito-tipo955,1,Alfa Romeo MiTo künyesi (955 kasa · 2008–2018 · Hatchback).
kunye,178-ds-automobiles-ds3-sa,1,DS Automobiles DS 3 künyesi (SA kasa · 2009–2019 · Hatchback).
kunye,179-lexus-nx-az20,1,Lexus NX AZ20 künyesi (AZ20 kasa · 2021’den beri · SUV).
kunye,180-subaru-xv-gt,1,Subaru XV GT künyesi (GT kasa · 2017–2022 · SUV).
kunye,181-renault-clio-mk1,1,Renault Clio Mk1 künyesi (X57 kasa · 1990–1998 · Hatchback).
kunye,182-fiat-fiorino-gen3,1,Fiat Fiorino künyesi (225 kasa · 2007–2024 · MPV).
kunye,183-volkswagen-passat-b8,1,Volkswagen Passat B8 künyesi (3G kasa · 2014–2022 · Sedan).
kunye,184-toyota-corolla-e100,1,Toyota Corolla E100 künyesi (E100 kasa · 1991–1995 · Sedan).
kunye,185-peugeot-301-mk1,1,Peugeot 301 künyesi (M33 kasa · 2012–2021 · Sedan).
kunye,186-ford-fiesta-mk5,1,Ford Fiesta 5. nesil künyesi (BE256 kasa · 2002–2008 · Hatchback).
kunye,187-hyundai-accent-lc,1,Hyundai Accent Admire (LC) künyesi (LC kasa · 1999–2005 · Sedan).
kunye,188-citroen-c4-c41,1,Citroën C4 3. nesil künyesi (C41 kasa · 2020’den beri · Hatchback).
kunye,189-opel-astra-f,1,Opel Astra F künyesi (T91 kasa · 1991–1998 · Hatchback).
kunye,190-skoda-fabia-mk2,1,Škoda Fabia 2. Nesil künyesi (5J kasa · 2007–2014 · Hatchback).
kunye,191-mercedes-benz-e-serisi-w212,1,Mercedes-Benz E-Serisi W212 künyesi (W212 kasa · 2009–2016 · Sedan).
kunye,192-kia-ceed-ed,1,Kia Cee’d Mk1 künyesi (ED kasa · 2006–2012 · Hatchback).
kunye,193-nissan-almera-n16,1,Nissan Almera N16 künyesi (N16 kasa · 2000–2006 · Hatchback).
kunye,194-bmw-3-serisi-e30,1,BMW 3 Serisi E30 künyesi (E30 kasa · 1982–1991 · Sedan).
kunye,195-kg-mobility-rodius-mk1,1,KG Mobility Rodius künyesi (2004–2019 · MPV).
kunye,196-volvo-v60-spa,1,Volvo V60 2. nesil künyesi (225 kasa · 2018’den beri · Station wagon).
kunye,197-audi-a4-b7,1,Audi A4 B7 künyesi (B7 kasa · 2004–2008 · Sedan).
kunye,198-dacia-sandero-mk2,1,Dacia Sandero Mk2 künyesi (B52 kasa · 2012–2020 · Hatchback).
kunye,199-jeep-avenger-mk1,1,Jeep Avenger künyesi (2022’den beri · SUV).
kunye,200-honda-civic-ek,1,Honda Civic 6. nesil künyesi (EK/EJ kasa · 1995–2001 · Sedan).
kunye,201-mini-countryman-f60,1,Mini Countryman F60 künyesi (F60 kasa · 2017–2023 · SUV).
kunye,202-suzuki-swift-a2l,1,Suzuki Swift A2L künyesi (A2L kasa · 2017–2023 · Hatchback).
kunye,203-seat-ateca-mk1,1,SEAT Ateca 1. Nesil künyesi (KH kasa · 2016’dan beri · SUV).
kunye,204-land-rover-evoque-l551,1,Land Rover Evoque L551 künyesi (L551 kasa · 2019’dan beri · SUV).
kunye,205-porsche-cayenne-955,1,Porsche Cayenne 1. Nesil künyesi (955 / 957 kasa · 2002–2010 · SUV).
kunye,206-alfa-romeo-159-tipo939,1,Alfa Romeo 159 künyesi (939 kasa · 2005–2011 · Sedan).
kunye,207-ds-automobiles-ds4-t87,1,DS Automobiles DS 4 1. nesil künyesi (T87 kasa · 2011–2018 · Hatchback).
kunye,208-lexus-rx-al30,1,Lexus RX AL30 künyesi (AL30 kasa · 2022’den beri · SUV).
kunye,209-subaru-brz-zc6,1,Subaru BRZ ZC6 künyesi (ZC6 kasa · 2012–2020 · Coupe).
kunye,210-renault-megane-mk2,1,Renault Mégane Mk2 künyesi (X84 kasa · 2002–2008 · Hatchback).
kunye,211-fiat-palio-gen1,1,Fiat Palio künyesi (178 kasa · 1996–2011 · Hatchback).
kunye,212-volkswagen-passat-b6,1,Volkswagen Passat B6 künyesi (3C kasa · 2005–2010 · Sedan).
kunye,213-toyota-c-hr-ax10,1,Toyota C-HR AX10 künyesi (AX10 kasa · 2016–2023 · SUV).
kunye,214-peugeot-208-p21,1,Peugeot 208 Mk2 künyesi (P21 kasa · 2019’dan beri · Hatchback).
kunye,215-ford-fiesta-mk7,1,Ford Fiesta 7. nesil künyesi (B479 kasa · 2017–2023 · Hatchback).
kunye,216-hyundai-accent-x3,1,Hyundai Accent (X3) künyesi (X3 kasa · 1994–1999 · Sedan).
kunye,217-citroen-c4-b7,1,Citroën C4 2. nesil künyesi (B7 kasa · 2010–2018 · Hatchback).
kunye,218-opel-corsa-f,1,Opel Corsa F künyesi (P2JO kasa · 2019’dan beri · Hatchback).
kunye,219-skoda-fabia-mk3,1,Škoda Fabia 3. Nesil künyesi (NJ kasa · 2014–2021 · Hatchback).
kunye,220-mercedes-benz-e-serisi-w211,1,Mercedes-Benz E-Serisi W211 künyesi (W211 kasa · 2002–2009 · Sedan).
kunye,221-kia-ceed-cd,1,Kia Ceed Mk3 künyesi (CD kasa · 2018–2025 · Hatchback).
kunye,222-nissan-micra-k13,1,Nissan Micra K13 künyesi (K13 kasa · 2010–2016 · Hatchback).
kunye,223-bmw-5-serisi-e60,1,BMW 5 Serisi E60 künyesi (E60/E61 kasa · 2003–2010 · Sedan).
kunye,224-kg-mobility-actyon-mk1,1,KG Mobility Actyon künyesi (2006–2011 · SUV).
kunye,225-volvo-v90-spa,1,Volvo V90 künyesi (235 kasa · 2016’dan beri · Station wagon).
kunye,226-audi-a6-c8,1,Audi A6 C8 künyesi (C8 kasa · 2018’den beri · Sedan).
kunye,227-dacia-logan-mk1,1,Dacia Logan Mk1 künyesi (L90 kasa · 2004–2012 · Sedan).
kunye,228-jeep-cherokee-kl,1,Jeep Cherokee KL künyesi (KL kasa · 2014–2023 · SUV).
kunye,229-honda-civic-eg,1,Honda Civic 5. nesil künyesi (EG/EJ kasa · 1991–1995 · Sedan).
kunye,230-mini-countryman-r60,1,Mini Countryman R60 künyesi (R60 kasa · 2010–2016 · SUV).
kunye,231-suzuki-s-cross-jy,1,Suzuki S-Cross 1. nesil künyesi (JY kasa · 2013–2021 · SUV).
kunye,232-seat-arona-mk1,1,SEAT Arona 1. Nesil künyesi (KJ kasa · 2017’den beri · SUV).
kunye,233-land-rover-velar-l560,1,Land Rover Velar künyesi (L560 kasa · 2017’den beri · SUV).
kunye,234-porsche-cayenne-92a,1,Porsche Cayenne 2. Nesil künyesi (92A kasa · 2010–2017 · SUV).
kunye,235-alfa-romeo-147-tipo937,1,Alfa Romeo 147 künyesi (937 kasa · 2000–2010 · Hatchback).
kunye,236-ds-automobiles-ds5-mk1,1,DS Automobiles DS 5 künyesi (B81 kasa · 2011–2018 · Hatchback).
kunye,237-lexus-lx-j310,1,Lexus LX 600 künyesi (J310 kasa · 2022’den beri · SUV).
kunye,238-subaru-levorg-vm,1,Subaru Levorg VM künyesi (VM kasa · 2014–2020 · Station wagon).
kunye,239-renault-megane-mk4,1,Renault Mégane Mk4 künyesi (BFB kasa · 2015–2023 · Hatchback).
kunye,240-fiat-albea-gen2,1,Fiat Albea (makyajlı) künyesi (178 kasa · 2005–2012 · Sedan).
kunye,241-volkswagen-passat-b7,1,Volkswagen Passat B7 künyesi (3C kasa · 2010–2015 · Sedan).
kunye,242-toyota-c-hr-ax20,1,Toyota C-HR AX20 künyesi (AX20 kasa · 2023’ten beri · SUV).
kunye,243-peugeot-208-a9,1,Peugeot 208 Mk1 künyesi (A9 kasa · 2012–2019 · Hatchback).
kunye,244-ford-fiesta-mk4,1,Ford Fiesta 4. nesil künyesi (BE91 kasa · 1995–2002 · Hatchback).
kunye,245-hyundai-tucson-nx4,1,Hyundai Tucson Mk4 künyesi (NX4 kasa · 2020’den beri · SUV).
kunye,246-citroen-c4-b5,1,Citroën C4 1. nesil künyesi (B5 kasa · 2004–2010 · Hatchback).
kunye,247-opel-corsa-e,1,Opel Corsa E künyesi (X15 kasa · 2014–2019 · Hatchback).
kunye,248-skoda-fabia-mk4,1,Škoda Fabia 4. Nesil künyesi (PJ kasa · 2021’den beri · Hatchback).
kunye,249-mercedes-benz-e-serisi-w213,1,Mercedes-Benz E-Serisi W213 künyesi (W213 kasa · 2016–2023 · Sedan).
kunye,250-kia-ceed-jd,1,Kia Cee’d Mk2 künyesi (JD kasa · 2012–2018 · Hatchback).
kunye,251-nissan-micra-k12,1,Nissan Micra K12 künyesi (K12 kasa · 2002–2010 · Hatchback).
kunye,252-bmw-5-serisi-e39,1,BMW 5 Serisi E39 künyesi (E39 kasa · 1996–2003 · Sedan).
kunye,253-kg-mobility-kyron-mk1,1,KG Mobility Kyron künyesi (2005–2011 · SUV).
kunye,254-volvo-xc90-spa,1,Volvo XC90 2. nesil künyesi (2015’ten beri · SUV).
kunye,255-audi-a6-c7,1,Audi A6 C7 künyesi (C7 kasa · 2011–2018 · Sedan).
kunye,256-dacia-logan-mk2,1,Dacia Logan Mk2 künyesi (L52 kasa · 2012–2020 · Sedan).
kunye,257-jeep-grand-cherokee-wk2,1,Jeep Grand Cherokee WK2 künyesi (WK2 kasa · 2011–2021 · SUV).
kunye,258-honda-jazz-gr,1,Honda Jazz 4. nesil künyesi (GR kasa · 2020’den beri · Hatchback).
kunye,259-mini-cabrio-r57,1,Mini Cabrio R57 künyesi (R57 kasa · 2008–2015 · Coupe).
kunye,260-suzuki-jimny-jb43,1,Suzuki Jimny JB43 künyesi (JB43 kasa · 1998–2018 · SUV).
kunye,261-seat-tarraco-mk1,1,SEAT Tarraco 1. Nesil künyesi (KN kasa · 2018’den beri · SUV).
kunye,262-land-rover-range-rover-sport-l494,1,Land Rover Range Rover Sport L494 künyesi (L494 kasa · 2013–2022 · SUV).
kunye,263-porsche-panamera-971,1,Porsche Panamera 2. Nesil künyesi (971 kasa · 2016–2023 · Sedan).
kunye,264-alfa-romeo-gt-tipo937,1,Alfa Romeo GT künyesi (937 kasa · 2003–2010 · Coupe).
kunye,265-lexus-rc-asc10,1,Lexus RC künyesi (ASC10 kasa · 2014’ten beri · Coupe).
kunye,266-subaru-outback-bs,1,Subaru Outback BS künyesi (BS kasa · 2014–2019 · Station wagon).
kunye,267-renault-megane-mk3,1,Renault Mégane Mk3 künyesi (X95 kasa · 2008–2016 · Hatchback).
kunye,268-fiat-albea-gen1,1,Fiat Albea (ilk seri) künyesi (178 kasa · 2002–2005 · Sedan).
kunye,269-volkswagen-polo-aw,1,Volkswagen Polo AW künyesi (AW kasa · 2017’den beri · Hatchback).
kunye,270-toyota-yaris-xp210,1,Toyota Yaris XP210 künyesi (XP210 kasa · 2020’den beri · Hatchback).
kunye,271-peugeot-308-t9,1,Peugeot 308 Mk2 künyesi (T9 kasa · 2013–2021 · Hatchback).
kunye,272-ford-fiesta-mk3,1,Ford Fiesta 3. nesil künyesi (BE13 kasa · 1989–1995 · Hatchback).
kunye,273-hyundai-tucson-lm,1,Hyundai Tucson Mk2 (ix35) künyesi (LM kasa · 2009–2015 · SUV).
kunye,274-citroen-berlingo-k9,1,Citroën Berlingo 3. nesil künyesi (K9 kasa · 2018’den beri · MPV).
kunye,275-opel-corsa-d,1,Opel Corsa D künyesi (S07 kasa · 2006–2014 · Hatchback).
kunye,276-skoda-kamiq-mk1,1,Škoda Kamiq 1. Nesil künyesi (NW kasa · 2019’dan beri · SUV).
kunye,277-mercedes-benz-e-serisi-w214,1,Mercedes-Benz E-Serisi W214 künyesi (W214 kasa · 2023’ten beri · Sedan).
kunye,278-kia-rio-ub,1,Kia Rio Mk3 künyesi (UB kasa · 2011–2017 · Hatchback).
kunye,279-nissan-micra-k11,1,Nissan Micra K11 künyesi (K11 kasa · 1992–2003 · Hatchback).
kunye,280-bmw-5-serisi-g30,1,BMW 5 Serisi G30 künyesi (G30/G31 kasa · 2017–2023 · Sedan).
kunye,281-volvo-ex30-mk1,1,Volvo EX30 künyesi (2023’ten beri · SUV).
kunye,282-audi-q2-ga,1,Audi Q2 GA künyesi (GA kasa · 2016’dan beri · SUV).
kunye,283-dacia-lodgy-mk1,1,Dacia Lodgy künyesi (J92 kasa · 2012–2022 · MPV).
kunye,284-jeep-wrangler-jk,1,Jeep Wrangler JK künyesi (JK kasa · 2007–2018 · SUV).
kunye,285-honda-cr-v-rs,1,Honda CR-V 6. nesil künyesi (RS kasa · 2023’ten beri · SUV).
kunye,286-mini-cooper-r56,1,Mini Cooper R56 künyesi (R56 kasa · 2006–2014 · Hatchback).
kunye,287-suzuki-swift-azg,1,Suzuki Swift AZG künyesi (AZG kasa · 2010–2017 · Hatchback).
kunye,288-seat-toledo-mk4,1,SEAT Toledo 4. Nesil künyesi (NH kasa · 2012–2019 · Sedan).
kunye,289-land-rover-range-rover-l405,1,Land Rover Range Rover L405 künyesi (L405 kasa · 2012–2021 · SUV).
kunye,290-porsche-911-991,1,Porsche 911 (991) künyesi (991 kasa · 2011–2019 · Coupe).
kunye,291-alfa-romeo-brera-tipo939,1,Alfa Romeo Brera künyesi (939 kasa · 2005–2010 · Coupe).
kunye,292-lexus-rz-xeb10,1,Lexus RZ künyesi (XEB10 kasa · 2022’den beri · SUV).
kunye,293-subaru-forester-sj,1,Subaru Forester SJ künyesi (SJ kasa · 2012–2018 · SUV).
kunye,294-renault-megane-mk1,1,Renault Mégane Mk1 künyesi (X64 kasa · 1995–2002 · Hatchback).
kunye,295-fiat-punto-mk3,1,Fiat Grande Punto / Punto Evo künyesi (199 kasa · 2005–2018 · Hatchback).
kunye,296-volkswagen-polo-6r,1,Volkswagen Polo 6R / 6C künyesi (6R / 6C kasa · 2009–2017 · Hatchback).
kunye,297-toyota-yaris-xp90,1,Toyota Yaris XP90 künyesi (XP90 kasa · 2005–2011 · Hatchback).
kunye,298-peugeot-308-t7,1,Peugeot 308 Mk1 künyesi (T7 kasa · 2007–2013 · Hatchback).
kunye,299-ford-puma-mk1,1,Ford Puma künyesi (2019’dan beri · SUV).
kunye,300-hyundai-tucson-tl,1,Hyundai Tucson Mk3 künyesi (TL kasa · 2015–2021 · SUV).
kunye,301-citroen-berlingo-b9,1,Citroën Berlingo 2. nesil künyesi (B9 kasa · 2008–2018 · MPV).
kunye,302-opel-corsa-c,1,Opel Corsa C künyesi (X01 kasa · 2000–2007 · Hatchback).
kunye,303-skoda-kodiaq-mk1,1,Škoda Kodiaq 1. Nesil künyesi (NS kasa · 2016–2024 · SUV).
kunye,304-mercedes-benz-e-serisi-w210,1,Mercedes-Benz E-Serisi W210 künyesi (W210 kasa · 1995–2002 · Sedan).
kunye,305-kia-stonic-yb,1,Kia Stonic künyesi (YB kasa · 2017’den beri · SUV).
kunye,306-nissan-juke-f16,1,Nissan Juke F16 künyesi (F16 kasa · 2019’dan beri · SUV).
kunye,307-bmw-5-serisi-f10,1,BMW 5 Serisi F10 künyesi (F10/F11 kasa · 2010–2017 · Sedan).
kunye,308-volvo-v40-p1,1,Volvo V40 2. nesil künyesi (2012–2019 · Hatchback).
kunye,309-audi-a6-c6,1,Audi A6 C6 künyesi (C6 kasa · 2004–2011 · Sedan).
kunye,310-dacia-jogger-mk1,1,Dacia Jogger künyesi (2021’den beri · MPV).
kunye,311-jeep-cherokee-kk,1,Jeep Cherokee KK künyesi (KK kasa · 2008–2013 · SUV).
kunye,312-honda-hr-v-rv,1,Honda HR-V 3. nesil künyesi (RV kasa · 2021’den beri · SUV).
kunye,313-mini-clubman-r55,1,Mini Clubman R55 künyesi (R55 kasa · 2007–2014 · Station wagon).
kunye,314-suzuki-grand-vitara-jt,1,Suzuki Grand Vitara JT künyesi (JT kasa · 2005–2015 · SUV).
kunye,315-land-rover-evoque-l538,1,Land Rover Evoque L538 künyesi (L538 kasa · 2011–2019 · SUV).
kunye,316-porsche-panamera-970,1,Porsche Panamera 1. Nesil künyesi (970 kasa · 2009–2016 · Sedan).
kunye,317-alfa-romeo-166-tipo936,1,Alfa Romeo 166 künyesi (936 kasa · 1998–2007 · Sedan).
kunye,318-lexus-ct-zwa10,1,Lexus CT 200h künyesi (ZWA10 kasa · 2010–2022 · Hatchback).
kunye,319-subaru-xv-gp,1,Subaru XV GP künyesi (GP kasa · 2011–2017 · SUV).
kunye,320-renault-fluence-mk1,1,Renault Fluence künyesi (X38 kasa · 2009–2016 · Sedan).
kunye,321-fiat-punto-mk2,1,Fiat Punto Mk2 künyesi (188 kasa · 1999–2006 · Hatchback).
kunye,322-volkswagen-jetta-mk5,1,Volkswagen Jetta 5. Nesil künyesi (1K kasa · 2005–2010 · Sedan).
kunye,323-toyota-yaris-xp130,1,Toyota Yaris XP130 künyesi (XP130 kasa · 2011–2020 · Hatchback).
kunye,324-peugeot-308-p5,1,Peugeot 308 Mk3 künyesi (P5 kasa · 2021’den beri · Hatchback).
kunye,325-ford-kuga-gen3,1,Ford Kuga 3. nesil künyesi (C482 kasa · 2019’dan beri · SUV).
kunye,326-hyundai-tucson-jm,1,Hyundai Tucson Mk1 künyesi (JM kasa · 2004–2009 · SUV).
kunye,327-citroen-berlingo-m49,1,Citroën Berlingo 1. nesil künyesi (M49 kasa · 1996–2008 · MPV).
kunye,328-opel-corsa-b,1,Opel Corsa B künyesi (S93 kasa · 1993–2000 · Hatchback).
kunye,329-skoda-karoq-mk1,1,Škoda Karoq 1. Nesil künyesi (NU kasa · 2017’den beri · SUV).
kunye,330-mercedes-benz-e-serisi-w124,1,Mercedes-Benz E-Serisi W124 künyesi (W124 kasa · 1993–1996 · Sedan).
kunye,331-kia-rio-yb,1,Kia Rio Mk4 künyesi (YB kasa · 2017–2023 · Hatchback).
kunye,332-nissan-almera-n15,1,Nissan Almera N15 künyesi (N15 kasa · 1995–2000 · Hatchback).
kunye,333-bmw-5-serisi-g60,1,BMW 5 Serisi G60 künyesi (G60 kasa · 2023’ten beri · Sedan).
kunye,334-volvo-s60-p3,1,Volvo S60 2. nesil künyesi (2010–2018 · Sedan).
kunye,335-audi-q5-fy,1,Audi Q5 FY künyesi (FY kasa · 2017’den beri · SUV).
kunye,336-dacia-dokker-mk1,1,Dacia Dokker künyesi (F67 kasa · 2012–2021 · MPV).
kunye,337-jeep-grand-cherokee-wk,1,Jeep Grand Cherokee WK künyesi (WK kasa · 2005–2010 · SUV).
kunye,338-honda-zr-v-mk1,1,Honda ZR-V künyesi (RZ kasa · 2022’den beri · SUV).
kunye,339-mini-cabrio-r52,1,Mini Cabrio R52 künyesi (R52 kasa · 2004–2008 · Coupe).
kunye,340-suzuki-alto-ha25,1,Suzuki Alto HA25 künyesi (HA25 kasa · 2009–2014 · Hatchback).
kunye,341-land-rover-defender-l316,1,Land Rover Defender L316 künyesi (L316 kasa · 1990–2016 · SUV).
kunye,342-porsche-911-997,1,Porsche 911 (997) künyesi (997 kasa · 2004–2012 · Coupe).
kunye,343-alfa-romeo-156-tipo932,1,Alfa Romeo 156 künyesi (932 kasa · 1997–2005 · Sedan).
kunye,344-lexus-rx-al20,1,Lexus RX AL20 künyesi (AL20 kasa · 2015–2022 · SUV).
kunye,345-subaru-impreza-gj,1,Subaru Impreza GJ künyesi (GJ/GP kasa · 2011–2016 · Hatchback).
kunye,346-renault-symbol-mk3,1,Renault Symbol III künyesi (L52 kasa · 2013–2020 · Sedan).
kunye,347-fiat-punto-mk1,1,Fiat Punto Mk1 künyesi (176 kasa · 1993–1999 · Hatchback).
kunye,348-volkswagen-jetta-mk6,1,Volkswagen Jetta 6. Nesil künyesi (A6 kasa · 2010–2018 · Sedan).
kunye,349-toyota-yaris-xp10,1,Toyota Yaris XP10 künyesi (XP10 kasa · 1999–2005 · Hatchback).
kunye,350-peugeot-partner-b9,1,Peugeot Partner Mk2 künyesi (B9 kasa · 2008–2018 · MPV).
kunye,351-ford-kuga-gen2,1,Ford Kuga 2. nesil künyesi (C520 kasa · 2012–2019 · SUV).
kunye,352-hyundai-bayon-bc3,1,Hyundai Bayon künyesi (BC3 kasa · 2021’den beri · SUV).
kunye,353-citroen-c5-aircross-c84,1,Citroën C5 Aircross 1. nesil künyesi (C84 kasa · 2017–2025 · SUV).
kunye,354-opel-insignia-a,1,Opel Insignia A künyesi (G09 kasa · 2008–2017 · Sedan).
kunye,355-skoda-kodiaq-mk2,1,Škoda Kodiaq 2. Nesil künyesi (2024’ten beri · SUV).
kunye,356-mercedes-benz-a-serisi-w177,1,Mercedes-Benz A-Serisi W177 künyesi (W177 kasa · 2018’den beri · Hatchback).
kunye,357-kia-rio-jb,1,Kia Rio Mk2 künyesi (JB kasa · 2005–2011 · Hatchback).
kunye,358-nissan-x-trail-t33,1,Nissan X-Trail T33 künyesi (T33 kasa · 2022’den beri · SUV).
kunye,359-bmw-5-serisi-e34,1,BMW 5 Serisi E34 künyesi (E34 kasa · 1988–1996 · Sedan).
kunye,360-volvo-v60-p3,1,Volvo V60 1. nesil künyesi (2010–2018 · Station wagon).
kunye,361-audi-q3-f3,1,Audi Q3 F3 künyesi (F3 kasa · 2018’den beri · SUV).
kunye,362-dacia-logan-mk3,1,Dacia Logan Mk3 künyesi (LJI kasa · 2020’den beri · Sedan).
kunye,363-jeep-cherokee-kj,1,Jeep Cherokee KJ künyesi (KJ kasa · 2001–2007 · SUV).
kunye,364-honda-e-ny1-mk1,1,Honda e:Ny1 künyesi (2023’ten beri · SUV).
kunye,365-mini-cooper-r50,1,Mini Cooper R50 künyesi (R50/R53 kasa · 2001–2006 · Hatchback).
kunye,366-suzuki-sx4-gy,1,Suzuki SX4 künyesi (GY kasa · 2006–2014 · SUV).
kunye,367-land-rover-discovery-mk4,1,Land Rover Discovery 4 künyesi (L319 kasa · 2009–2016 · SUV).
kunye,368-alfa-romeo-145-tipo930,1,Alfa Romeo 145 künyesi (930 kasa · 1994–2001 · Hatchback).
kunye,369-lexus-nx-az10,1,Lexus NX AZ10 künyesi (AZ10 kasa · 2014–2021 · SUV).
kunye,370-subaru-legacy-br,1,Subaru Legacy BM künyesi (BM/BR kasa · 2009–2014 · Sedan).
kunye,371-renault-symbol-mk1,1,Renault Clio Symbol künyesi (X65 kasa · 1999–2008 · Sedan).
kunye,372-fiat-ducato-gen3,1,Fiat Ducato III künyesi (250 kasa · 2006’dan beri · Ticari).
kunye,373-volkswagen-tiguan-mk1,1,Volkswagen Tiguan Mk1 künyesi (5N kasa · 2007–2016 · SUV).
kunye,374-toyota-auris-e150,1,Toyota Auris E150 künyesi (E150 kasa · 2006–2012 · Hatchback).
kunye,375-peugeot-partner-m49,1,Peugeot Partner Mk1 künyesi (M49 kasa · 1996–2008 · MPV).
kunye,376-ford-kuga-gen1,1,Ford Kuga 1. nesil künyesi (C394 kasa · 2008–2012 · SUV).
kunye,377-hyundai-i10-pa,1,Hyundai i10 Mk1 künyesi (PA kasa · 2007–2013 · Hatchback).
kunye,378-citroen-c5-aircross-cr3,1,Citroën C5 Aircross 2. nesil künyesi (CR3 kasa · 2025’ten beri · SUV).
kunye,379-opel-insignia-b,1,Opel Insignia B künyesi (Z18 kasa · 2017–2022 · Sedan).
kunye,380-skoda-rapid-mk1,1,Škoda Rapid 1. Nesil künyesi (NH kasa · 2012–2019 · Sedan).
kunye,381-mercedes-benz-a-serisi-w176,1,Mercedes-Benz A-Serisi W176 künyesi (W176 kasa · 2012–2018 · Hatchback).
kunye,382-kia-rio-dc,1,Kia Rio Mk1 künyesi (DC kasa · 2000–2005 · Hatchback).
kunye,383-nissan-navara-d23,1,Nissan Navara NP300 künyesi (D23 kasa · 2015’ten beri · Pick-up).
kunye,384-bmw-1-serisi-f40,1,BMW 1 Serisi F40 künyesi (F40 kasa · 2019’dan beri · Hatchback).
kunye,385-volvo-s80-p3,1,Volvo S80 2. nesil künyesi (AS kasa · 2006–2016 · Sedan).
kunye,386-audi-q7-4m,1,Audi Q7 4M künyesi (4M kasa · 2015’ten beri · SUV).
kunye,387-dacia-spring-mk1,1,Dacia Spring künyesi (2021’den beri · Hatchback).
kunye,388-jeep-wrangler-tj,1,Jeep Wrangler TJ künyesi (TJ kasa · 1996–2006 · SUV).
kunye,389-honda-jazz-ge,1,Honda Jazz 2. nesil künyesi (GE kasa · 2008–2015 · Hatchback).
kunye,390-suzuki-swift-rs,1,Suzuki Swift RS künyesi (RS kasa · 2004–2010 · Hatchback).
kunye,391-land-rover-freelander-l359,1,Land Rover Freelander 2 künyesi (L359 kasa · 2006–2014 · SUV).
kunye,392-alfa-romeo-155-tipo167,1,Alfa Romeo 155 künyesi (167 kasa · 1992–1997 · Sedan).
kunye,393-lexus-lx-j200,1,Lexus LX 570 künyesi (J200 kasa · 2008–2021 · SUV).
kunye,394-subaru-outback-br,1,Subaru Outback BR künyesi (BR kasa · 2009–2014 · Station wagon).
kunye,395-renault-symbol-mk2,1,Renault Symbol II künyesi (L35 kasa · 2008–2013 · Sedan).
kunye,396-fiat-panda-mk3,1,Fiat Panda Mk3 künyesi (319 kasa · 2011’den beri · Hatchback).
kunye,397-volkswagen-tiguan-mk2,1,Volkswagen Tiguan Mk2 künyesi (AD kasa · 2016–2023 · SUV).
kunye,398-toyota-auris-e180,1,Toyota Auris E180 künyesi (E180 kasa · 2012–2018 · Hatchback).
kunye,399-peugeot-partner-k9,1,Peugeot Partner Mk3 künyesi (K9 kasa · 2018’den beri · MPV).
kunye,400-ford-transit-courier-gen2,1,Ford Transit Courier 2. nesil künyesi (2023’ten beri · Ticari).
kunye,401-hyundai-i10-ac3,1,Hyundai i10 Mk3 künyesi (AC3 kasa · 2020’den beri · Hatchback).
kunye,402-citroen-jumper-x250,1,Citroën Jumper 2. nesil künyesi (250 kasa · 2006’dan beri · Ticari).
kunye,403-opel-mokka-a,1,Opel Mokka / Mokka X künyesi (J13 kasa · 2012–2019 · SUV).
kunye,404-skoda-scala-mk1,1,Škoda Scala 1. Nesil künyesi (NW kasa · 2019’dan beri · Hatchback).
kunye,405-mercedes-benz-cla-c117,1,Mercedes-Benz CLA C117 künyesi (C117 kasa · 2013–2019 · Sedan).
kunye,406-kia-picanto-ja,1,Kia Picanto Mk3 künyesi (JA kasa · 2017’den beri · Hatchback).
kunye,407-nissan-townstar-mk1,1,Nissan Townstar künyesi (XFK kasa · 2021’den beri · MPV).
kunye,408-bmw-1-serisi-e87,1,BMW 1 Serisi E87 künyesi (E81/E87 kasa · 2004–2011 · Hatchback).
kunye,409-volvo-xc70-p3,1,Volvo XC70 2. nesil künyesi (2007–2016 · Station wagon).
kunye,410-audi-q3-8u,1,Audi Q3 8U künyesi (8U kasa · 2011–2018 · SUV).
kunye,411-dacia-bigster-mk1,1,Dacia Bigster künyesi (R1310 kasa · 2025’ten beri · SUV).
kunye,412-jeep-grand-cherokee-wj,1,Jeep Grand Cherokee WJ künyesi (WJ kasa · 1999–2004 · SUV).
kunye,413-honda-jazz-gk,1,Honda Jazz 3. nesil künyesi (GK kasa · 2015–2020 · Hatchback).
kunye,414-suzuki-ignis-hr,1,Suzuki Ignis HR künyesi (HR kasa · 2003–2008 · Hatchback).
kunye,415-land-rover-range-rover-sport-l320,1,Land Rover Range Rover Sport L320 künyesi (L320 kasa · 2005–2013 · SUV).
kunye,416-lexus-is-xe30,1,Lexus IS XE30 künyesi (XE30 kasa · 2013–2020 · Sedan).
kunye,417-subaru-forester-sh,1,Subaru Forester SH künyesi (SH kasa · 2008–2012 · SUV).
kunye,418-renault-taliant-mk1,1,Renault Taliant künyesi (LJF kasa · 2021–2025 · Sedan).
kunye,419-fiat-scudo-mk3,1,Fiat Scudo 3. nesil künyesi (K0 kasa · 2022’den beri · Ticari).
kunye,420-volkswagen-tiguan-mk3,1,Volkswagen Tiguan 3. Nesil künyesi (CT kasa · 2023’ten beri · SUV).
kunye,421-toyota-yaris-cross-xp210,1,Toyota Yaris Cross künyesi (XP210 kasa · 2020’den beri · SUV).
kunye,422-peugeot-rifter-mk1,1,Peugeot Rifter künyesi (K9 kasa · 2018’den beri · MPV).
kunye,423-ford-transit-courier-gen1,1,Ford Transit Courier 1. nesil künyesi (2014–2023 · Ticari).
kunye,424-hyundai-i10-ia,1,Hyundai i10 Mk2 künyesi (IA kasa · 2013–2020 · Hatchback).
kunye,425-citroen-c3-aircross-cc24,1,Citroën C3 Aircross 2. nesil künyesi (CC24 kasa · 2024’ten beri · SUV).
kunye,426-opel-mokka-b,1,Opel Mokka B künyesi (P2QO kasa · 2020’den beri · SUV).
kunye,427-skoda-enyaq-mk1,1,Škoda Enyaq 1. Nesil künyesi (2020’den beri · SUV).
kunye,428-mercedes-benz-a-serisi-w169,1,Mercedes-Benz A-Serisi W169 künyesi (W169 kasa · 2004–2012 · Hatchback).
kunye,429-kia-xceed-mk1,1,Kia XCeed künyesi (CD kasa · 2019’dan beri · SUV).
kunye,430-nissan-ariya-mk1,1,Nissan Ariya künyesi (FE0 kasa · 2021’den beri · SUV).
kunye,431-bmw-1-serisi-f20,1,BMW 1 Serisi F20 künyesi (F20/F21 kasa · 2011–2019 · Hatchback).
kunye,432-volvo-xc90-p2,1,Volvo XC90 1. nesil künyesi (2002–2014 · SUV).
kunye,433-audi-a1-gb,1,Audi A1 GB künyesi (GB kasa · 2018’den beri · Hatchback).
kunye,434-jeep-grand-cherokee-zj,1,Jeep Grand Cherokee ZJ künyesi (ZJ kasa · 1992–1998 · SUV).
kunye,435-honda-jazz-gd,1,Honda Jazz 1. nesil künyesi (GD kasa · 2002–2008 · Hatchback).
kunye,436-suzuki-wagon-r-mm,1,Suzuki Wagon R+ künyesi (MM kasa · 1997–2008 · MPV).
kunye,437-land-rover-range-rover-l322,1,Land Rover Range Rover L322 künyesi (L322 kasa · 2002–2012 · SUV).
kunye,438-lexus-gs-s200,1,Lexus GS S200 künyesi (S200 kasa · 2012–2020 · Sedan).
kunye,439-subaru-impreza-gh,1,Subaru Impreza GH künyesi (GE/GH kasa · 2007–2011 · Hatchback).
kunye,440-renault-captur-mk1,1,Renault Captur Mk1 künyesi (J87 kasa · 2013–2019 · SUV).
kunye,441-fiat-fiat-500-mk1,1,Fiat 500 künyesi (312 kasa · 2007’den beri · Hatchback).
kunye,442-volkswagen-t-roc-mk1,1,Volkswagen T-Roc 1. Nesil künyesi (A11 kasa · 2017’den beri · SUV).
kunye,443-toyota-hilux-an110,1,Toyota Hilux AN120 künyesi (AN120/AN130 kasa · 2015’ten beri · Pick-up).
kunye,444-peugeot-207-mk1,1,Peugeot 207 künyesi (A7 kasa · 2006–2014 · Hatchback).
kunye,445-ford-tourneo-courier-gen1,1,Ford Tourneo Courier 1. nesil künyesi (2014–2023 · MPV).
kunye,446-hyundai-i30-fd,1,Hyundai i30 Mk1 künyesi (FD kasa · 2007–2012 · Hatchback).
kunye,447-citroen-c5-x-mk1,1,Citroën C5 X künyesi (E43 kasa · 2021’den beri · Station wagon).
kunye,448-opel-vectra-c,1,Opel Vectra C künyesi (2002–2008 · Sedan).
kunye,449-mercedes-benz-a-serisi-w168,1,Mercedes-Benz A-Serisi W168 künyesi (W168 kasa · 1997–2004 · Hatchback).
kunye,450-kia-sorento-mq4,1,Kia Sorento Mk4 künyesi (MQ4 kasa · 2020’den beri · SUV).
kunye,451-nissan-patrol-y62,1,Nissan Patrol Y62 künyesi (Y62 kasa · 2010–2024 · SUV).
kunye,452-bmw-x1-f48,1,BMW X1 F48 künyesi (F48 kasa · 2015–2022 · SUV).
kunye,453-volvo-c30-p1,1,Volvo C30 künyesi (2006–2013 · Hatchback).
kunye,454-audi-a5-f5,1,Audi A5 F5 künyesi (F5 kasa · 2016’dan beri · Coupe).
kunye,455-honda-cr-v-rw,1,Honda CR-V 5. nesil künyesi (RW kasa · 2017–2022 · SUV).
kunye,456-suzuki-liana-rh,1,Suzuki Liana künyesi (RH kasa · 2001–2007 · Sedan).
kunye,457-land-rover-discovery-mk3,1,Land Rover Discovery 3 künyesi (L319 kasa · 2004–2009 · SUV).
kunye,458-lexus-es-xv60,1,Lexus ES XV60 künyesi (XV60 kasa · 2012–2018 · Sedan).
kunye,459-subaru-legacy-bl,1,Subaru Legacy BL künyesi (BL/BP kasa · 2003–2009 · Sedan).
kunye,460-renault-captur-mk2,1,Renault Captur Mk2 künyesi (HJB kasa · 2019’dan beri · SUV).
kunye,461-fiat-fiat-600-mk1,1,Fiat 600 künyesi (F364 kasa · 2023’ten beri · SUV).
kunye,462-volkswagen-caddy-mk5,1,Volkswagen Caddy 5. Nesil künyesi (SB kasa · 2020’den beri · MPV).
kunye,463-toyota-rav4-xa50,1,Toyota RAV4 XA50 künyesi (XA50 kasa · 2018’den beri · SUV).
kunye,464-peugeot-5008-p87,1,Peugeot 5008 Mk2 künyesi (P87 kasa · 2017–2024 · SUV).
kunye,465-ford-tourneo-courier-gen2,1,Ford Tourneo Courier 2. nesil künyesi (2023’ten beri · MPV).
kunye,466-hyundai-i30-pd,1,Hyundai i30 Mk3 künyesi (PD kasa · 2016’dan beri · Hatchback).
kunye,467-citroen-jumpy-k0,1,Citroën Jumpy 3. nesil künyesi (K0 kasa · 2016’dan beri · Ticari).
kunye,468-opel-zafira-b,1,Opel Zafira B künyesi (A05 kasa · 2005–2011 · MPV).
kunye,469-mercedes-benz-cla-c118,1,Mercedes-Benz CLA C118 künyesi (C118 kasa · 2019’dan beri · Sedan).
kunye,470-kia-niro-sg2,1,Kia Niro Mk2 künyesi (SG2 kasa · 2022’den beri · SUV).
kunye,471-nissan-leaf-ze1,1,Nissan Leaf ZE1 künyesi (ZE1 kasa · 2017–2024 · Hatchback).
kunye,472-bmw-x1-u11,1,BMW X1 U11 künyesi (U11 kasa · 2022’den beri · SUV).
kunye,473-volvo-c70-p1,1,Volvo C70 2. nesil künyesi (2006–2013 · Coupe).
kunye,474-audi-q4-e-tron-mk1,1,Audi Q4 e-tron 1. Nesil künyesi (F4 kasa · 2021’den beri · SUV).
kunye,475-honda-hr-v-ru,1,Honda HR-V 2. nesil künyesi (RU kasa · 2015–2021 · SUV).
kunye,476-suzuki-grand-vitara-ft,1,Suzuki Grand Vitara FT künyesi (FT/GT kasa · 1998–2005 · SUV).
kunye,477-land-rover-freelander-l314,1,Land Rover Freelander 1 künyesi (L314 kasa · 1997–2006 · SUV).
kunye,478-lexus-ls-f40,1,Lexus LS XF40 künyesi (XF40 kasa · 2007–2017 · Sedan).
kunye,479-subaru-outback-bp,1,Subaru Outback BP künyesi (BP kasa · 2003–2009 · Station wagon).
kunye,480-renault-austral-mk1,1,Renault Austral künyesi (HHN kasa · 2022’den beri · SUV).
kunye,481-fiat-grande-panda-mk1,1,Fiat Grande Panda künyesi (2024’ten beri · SUV).
kunye,482-volkswagen-caddy-mk4,1,Volkswagen Caddy 4. Nesil künyesi (2K kasa · 2015–2020 · MPV).
kunye,483-toyota-camry-xv80,1,Toyota Camry XV80 künyesi (XV80 kasa · 2024’ten beri · Sedan).
kunye,484-peugeot-307-mk1,1,Peugeot 307 künyesi (T5 kasa · 2001–2008 · Hatchback).
kunye,485-ford-transit-connect-gen2,1,Ford Transit Connect 2. nesil künyesi (V408 kasa · 2013–2022 · Ticari).
kunye,486-hyundai-i30-gd,1,Hyundai i30 Mk2 künyesi (GD kasa · 2011–2017 · Hatchback).
kunye,487-citroen-c3-aircross-a88,1,Citroën C3 Aircross 1. nesil künyesi (A88 kasa · 2017–2024 · SUV).
kunye,488-opel-combo-e,1,Opel Combo E künyesi (K9 kasa · 2018’den beri · MPV).
kunye,489-mercedes-benz-sprinter-w907,1,Mercedes-Benz Sprinter W907 künyesi (W907 kasa · 2018’den beri · Ticari).
kunye,490-kia-ev6-cv,1,Kia EV6 künyesi (CV kasa · 2021’den beri · SUV).
kunye,491-nissan-x-trail-t32,1,Nissan X-Trail T32 künyesi (T32 kasa · 2013–2021 · SUV).
kunye,492-bmw-x1-e84,1,BMW X1 E84 künyesi (E84 kasa · 2009–2015 · SUV).
kunye,493-volvo-s40-p1,1,Volvo S40 2. nesil künyesi (2004–2012 · Sedan).
kunye,494-audi-q7-4l,1,Audi Q7 4L künyesi (4L kasa · 2005–2015 · SUV).
kunye,495-honda-cr-v-rm,1,Honda CR-V 4. nesil künyesi (RM kasa · 2012–2017 · SUV).
kunye,496-suzuki-alto-ha12,1,Suzuki Alto HA12 künyesi (HA12 kasa · 1998–2004 · Hatchback).
kunye,497-land-rover-discovery-mk2,1,Land Rover Discovery 2 künyesi (L318 kasa · 1998–2004 · SUV).
kunye,498-lexus-rx-al10,1,Lexus RX AL10 künyesi (AL10 kasa · 2009–2015 · SUV).
kunye,499-subaru-impreza-gd,1,Subaru Impreza GD künyesi (GD/GG kasa · 2000–2007 · Hatchback).
kunye,500-renault-kangoo-mk1,1,Renault Kangoo Mk1 künyesi (X76 kasa · 1997–2007 · MPV).
kunye,501-fiat-marea-mk1,1,Fiat Marea künyesi (185 kasa · 1996–2002 · Sedan).
kunye,502-volkswagen-t-cross-mk1,1,Volkswagen T-Cross 1. Nesil künyesi (C11 kasa · 2018’den beri · SUV).
kunye,503-toyota-corolla-cross-xg10,1,Toyota Corolla Cross künyesi (XG10 kasa · 2020’den beri · SUV).
kunye,504-peugeot-206-mk1,1,Peugeot 206 künyesi (T1 kasa · 1998–2012 · Hatchback).
kunye,505-ford-transit-connect-gen1,1,Ford Transit Connect 1. nesil künyesi (C170 kasa · 2002–2013 · Ticari).
kunye,506-hyundai-elantra-cn7,1,Hyundai Elantra (CN7) künyesi (CN7 kasa · 2020’den beri · Sedan).
kunye,507-citroen-c4-picasso-emp2,1,Citroën C4 Picasso 2. nesil künyesi (B78/B787 kasa · 2013–2022 · MPV).
kunye,508-opel-vectra-b,1,Opel Vectra B künyesi (1995–2002 · Sedan).
kunye,509-mercedes-benz-s-serisi-w223,1,Mercedes-Benz S-Serisi W223 künyesi (W223 kasa · 2020’den beri · Sedan).
kunye,510-kia-carnival-ka4,1,Kia Carnival Mk4 künyesi (KA4 kasa · 2020’den beri · MPV).
kunye,511-nissan-note-e12,1,Nissan Note E12 künyesi (E12 kasa · 2013–2020 · MPV).
kunye,512-bmw-2-serisi-g42,1,BMW 2 Serisi G42 künyesi (G42 kasa · 2021’den beri · Coupe).
kunye,513-volvo-s60-p2,1,Volvo S60 1. nesil künyesi (2000–2009 · Sedan).
kunye,514-audi-q5-8r,1,Audi Q5 8R künyesi (8R kasa · 2008–2017 · SUV).
kunye,515-honda-accord-cu,1,Honda Accord 8. nesil künyesi (CU kasa · 2008–2015 · Sedan).
kunye,516-suzuki-samurai-sj,1,Suzuki Samurai künyesi (SJ kasa · 1985–2004 · SUV).
kunye,517-land-rover-range-rover-p38,1,Land Rover Range Rover P38 künyesi (P38A kasa · 1994–2002 · SUV).
kunye,518-lexus-is-xe20,1,Lexus IS XE20 künyesi (XE20 kasa · 2005–2013 · Sedan).
kunye,519-subaru-forester-sg,1,Subaru Forester SG künyesi (SG kasa · 2002–2007 · SUV).
kunye,520-renault-kangoo-mk3,1,Renault Kangoo Mk3 künyesi (XFK kasa · 2020’den beri · MPV).
kunye,521-fiat-fiat-500x-mk1,1,Fiat 500X künyesi (334 kasa · 2014–2024 · SUV).
kunye,522-volkswagen-transporter-t6,1,Volkswagen Transporter T6 künyesi (T6 kasa · 2015–2024 · Ticari).
kunye,523-toyota-aygo-x-ab70,1,Toyota Aygo X künyesi (AB70 kasa · 2022’den beri · SUV).
kunye,524-peugeot-306-mk1,1,Peugeot 306 künyesi (N3 kasa · 1993–2002 · Hatchback).
kunye,525-ford-mondeo-mk4,1,Ford Mondeo 4. nesil künyesi (CD345 kasa · 2007–2014 · Sedan).
kunye,526-hyundai-getz-tb,1,Hyundai Getz künyesi (TB kasa · 2002–2011 · Hatchback).
kunye,527-citroen-c1-mk2,1,Citroën C1 2. nesil künyesi (AB40 kasa · 2014–2021 · Hatchback).
kunye,528-opel-vectra-a,1,Opel Vectra A künyesi (1988–1995 · Sedan).
kunye,529-mercedes-benz-b-serisi-w247,1,Mercedes-Benz B-Serisi W247 künyesi (W247 kasa · 2018’den beri · MPV).
kunye,530-kia-cerato-yd,1,Kia Cerato Mk3 künyesi (YD kasa · 2013–2018 · Sedan).
kunye,531-nissan-leaf-ze0,1,Nissan Leaf ZE0 künyesi (ZE0 kasa · 2010–2017 · Hatchback).
kunye,532-bmw-4-serisi-g22,1,BMW 4 Serisi G22 künyesi (G22/G23/G26 kasa · 2020’den beri · Coupe).
kunye,533-volvo-xc70-p2,1,Volvo XC70 1. nesil künyesi (1997–2007 · Station wagon).
kunye,534-audi-a1-8x,1,Audi A1 8X künyesi (8X kasa · 2010–2018 · Hatchback).
kunye,535-honda-insight-ze2,1,Honda Insight 2. nesil künyesi (ZE2 kasa · 2009–2014 · Sedan).
kunye,536-suzuki-swift-sf,1,Suzuki Swift SF künyesi (SF kasa · 1989–2003 · Hatchback).
kunye,537-land-rover-discovery-mk1,1,Land Rover Discovery 1 künyesi (1990–1998 · SUV).
kunye,538-lexus-es-sv40,1,Lexus ES XV40 künyesi (XV40 kasa · 2006–2012 · Sedan).
kunye,539-subaru-legacy-be,1,Subaru Legacy BE künyesi (BE/BH kasa · 1998–2003 · Sedan).
kunye,540-renault-kangoo-mk2,1,Renault Kangoo Mk2 künyesi (X61 kasa · 2007–2020 · MPV).
kunye,541-fiat-fiat-500l-mk1,1,Fiat 500L künyesi (330 kasa · 2012–2022 · MPV).
kunye,542-volkswagen-transporter-t5,1,Volkswagen Transporter T5 künyesi (T5 kasa · 2003–2015 · Ticari).
kunye,543-toyota-prius-xw60,1,Toyota Prius XW60 künyesi (XW60 kasa · 2022’den beri · Hatchback).
kunye,544-peugeot-406-mk1,1,Peugeot 406 künyesi (D8 kasa · 1995–2004 · Sedan).
kunye,545-ford-mondeo-mk3,1,Ford Mondeo 3. nesil künyesi (CD132 kasa · 2000–2007 · Sedan).
kunye,546-hyundai-elantra-md,1,Hyundai Elantra (MD) künyesi (MD kasa · 2010–2015 · Sedan).
kunye,547-citroen-c4-cactus-mk1,1,Citroën C4 Cactus künyesi (E3 kasa · 2014–2020 · SUV).
kunye,548-opel-zafira-c,1,Opel Zafira Tourer künyesi (A11 kasa · 2011–2019 · MPV).
kunye,549-mercedes-benz-sl-r232,1,Mercedes-Benz SL R232 künyesi (R232 kasa · 2021’den beri · Coupe).
kunye,550-kia-cerato-td,1,Kia Cerato Mk2 künyesi (TD kasa · 2008–2013 · Sedan).
kunye,551-nissan-navara-d40,1,Nissan Navara D40 künyesi (D40 kasa · 2005–2015 · Pick-up).
kunye,552-bmw-7-serisi-g70,1,BMW 7 Serisi G70 künyesi (G70 kasa · 2022’den beri · Sedan).
kunye,553-volvo-s80-p2,1,Volvo S80 1. nesil künyesi (TS kasa · 1998–2006 · Sedan).
kunye,554-audi-a5-8t,1,Audi A5 8T künyesi (8T kasa · 2007–2016 · Coupe).
kunye,555-honda-cr-v-re,1,Honda CR-V 3. nesil künyesi (RE kasa · 2006–2012 · SUV).
kunye,556-suzuki-ignis-ht,1,Suzuki Ignis HT künyesi (HT kasa · 2000–2003 · Hatchback).
kunye,557-land-rover-range-rover-classic,1,Land Rover Range Rover Classic künyesi (1990–1994 · SUV).
kunye,558-lexus-gs-s190,1,Lexus GS S190 künyesi (S190 kasa · 2005–2012 · Sedan).
kunye,559-subaru-outback-bh,1,Subaru Outback BH künyesi (BH kasa · 1999–2003 · Station wagon).
kunye,560-renault-kadjar-mk1,1,Renault Kadjar künyesi (HFE kasa · 2015–2022 · SUV).
kunye,561-fiat-scudo-mk2,1,Fiat Scudo 2. nesil künyesi (270 kasa · 2007–2016 · Ticari).
kunye,562-volkswagen-taigo-mk1,1,Volkswagen Taigo 1. Nesil künyesi (CS kasa · 2021’den beri · SUV).
kunye,563-toyota-land-cruiser-j300,1,Toyota Land Cruiser J300 künyesi (J300 kasa · 2021’den beri · SUV).
kunye,564-peugeot-5008-p67,1,Peugeot 5008 Mk3 künyesi (P67 kasa · 2024’ten beri · SUV).
kunye,565-ford-tourneo-connect-gen2,1,Ford Tourneo Connect 2. nesil künyesi (V408 kasa · 2013–2022 · MPV).
kunye,566-hyundai-santa-fe-mx5,1,Hyundai Santa Fe Mk5 künyesi (MX5 kasa · 2023’ten beri · SUV).
kunye,567-citroen-c3-picasso-mk1,1,Citroën C3 Picasso künyesi (A58 kasa · 2009–2017 · MPV).
kunye,568-opel-combo-d,1,Opel Combo D künyesi (263 kasa · 2012–2018 · MPV).
kunye,569-mercedes-benz-gle-v167,1,Mercedes-Benz GLE V167 künyesi (V167 kasa · 2019’dan beri · SUV).
kunye,570-kia-cerato-ld,1,Kia Cerato Mk1 künyesi (LD kasa · 2003–2008 · Sedan).
kunye,571-nissan-murano-z51,1,Nissan Murano Z51 künyesi (Z51 kasa · 2007–2014 · SUV).
kunye,572-bmw-8-serisi-g15,1,BMW 8 Serisi G15 künyesi (G14/G15/G16 kasa · 2018’den beri · Coupe).
kunye,573-volvo-c70-p80,1,Volvo C70 1. nesil künyesi (1996–2005 · Coupe).
kunye,574-honda-fr-v-be,1,Honda FR-V künyesi (BE kasa · 2004–2009 · MPV).
kunye,575-suzuki-baleno-eg,1,Suzuki Baleno künyesi (EG kasa · 1995–2002 · Hatchback).
kunye,576-lexus-rx-xu30,1,Lexus RX XU30 künyesi (XU30 kasa · 2004–2009 · SUV).
kunye,577-subaru-forester-sf,1,Subaru Forester SF künyesi (SF kasa · 1997–2002 · SUV).
kunye,578-renault-megane-e-tech-mk1,1,Renault Mégane E-Tech künyesi (BCB kasa · 2022’den beri · Hatchback).
kunye,579-fiat-freemont-mk1,1,Fiat Freemont künyesi (2011–2016 · SUV).
kunye,580-volkswagen-touareg-mk3,1,Volkswagen Touareg 3. Nesil künyesi (CR kasa · 2018’den beri · SUV).
kunye,581-toyota-land-cruiser-prado-j250,1,Toyota Land Cruiser Prado J250 künyesi (J250 kasa · 2023’ten beri · SUV).
kunye,582-peugeot-5008-t87,1,Peugeot 5008 Mk1 künyesi (T87 kasa · 2009–2016 · SUV).
kunye,583-ford-mondeo-mk5,1,Ford Mondeo 5. nesil künyesi (CD391 kasa · 2014–2022 · Sedan).
kunye,584-hyundai-kona-sx2,1,Hyundai Kona Mk2 künyesi (SX2 kasa · 2023’ten beri · SUV).
kunye,585-citroen-c4-aircross-mk1,1,Citroën C4 Aircross künyesi (2012–2017 · SUV).
kunye,586-opel-combo-c,1,Opel Combo C künyesi (2002–2012 · MPV).
kunye,587-mercedes-benz-gla-h247,1,Mercedes-Benz GLA H247 künyesi (H247 kasa · 2020’den beri · SUV).
kunye,588-kia-soul-sk3,1,Kia Soul Mk3 künyesi (SK3 kasa · 2019–2023 · SUV).
kunye,589-nissan-pathfinder-r51,1,Nissan Pathfinder R51 künyesi (R51 kasa · 2004–2014 · SUV).
kunye,590-bmw-x2-u10,1,BMW X2 U10 künyesi (U10 kasa · 2023’ten beri · SUV).
kunye,591-volvo-s40-p80,1,Volvo S40 1. nesil künyesi (1995–2004 · Sedan).
kunye,592-honda-accord-cl,1,Honda Accord 7. nesil künyesi (CL kasa · 2002–2008 · Sedan).
kunye,593-lexus-ls-f30,1,Lexus LS XF30 künyesi (XF30 kasa · 2001–2006 · Sedan).
kunye,594-subaru-impreza-gc,1,Subaru Impreza GC künyesi (GC/GF kasa · 1992–2000 · Hatchback).
kunye,595-renault-scenic-e-tech-mk1,1,Renault Scenic E-Tech künyesi (2024’ten beri · SUV).
kunye,596-fiat-bravo-mk1,1,Fiat Bravo künyesi (198 kasa · 2007–2014 · Hatchback).
kunye,597-volkswagen-touran-mk2,1,Volkswagen Touran 2. Nesil künyesi (5T kasa · 2015’ten beri · MPV).
kunye,598-toyota-proace-gen2,1,Toyota Proace 2. nesil künyesi (K0 kasa · 2016’dan beri · Ticari).
kunye,599-peugeot-boxer-mk2,1,Peugeot Boxer Mk2 künyesi (X250 kasa · 2006’dan beri · Ticari).
kunye,600-ford-mondeo-mk1,1,Ford Mondeo 1. nesil künyesi (CDW27 kasa · 1993–2000 · Sedan).
kunye,601-hyundai-ioniq-5-ne,1,Hyundai Ioniq 5 künyesi (NE kasa · 2021’den beri · SUV).
kunye,602-citroen-c5-rd,1,Citroën C5 2. nesil künyesi (RD/TD kasa · 2008–2017 · Sedan).
kunye,603-opel-zafira-a,1,Opel Zafira A künyesi (1999–2005 · MPV).
kunye,604-mercedes-benz-glb-x247,1,Mercedes-Benz GLB X247 künyesi (X247 kasa · 2019’dan beri · SUV).
kunye,605-kia-stinger-ck,1,Kia Stinger künyesi (CK kasa · 2017–2023 · Sedan).
kunye,606-nissan-x-trail-t31,1,Nissan X-Trail T31 künyesi (T31 kasa · 2007–2013 · SUV).
kunye,607-bmw-x3-g45,1,BMW X3 G45 künyesi (G45 kasa · 2024’ten beri · SUV).
kunye,608-volvo-v40-p80,1,Volvo V40 1. nesil künyesi (1995–2004 · Hatchback).
kunye,609-honda-city-gd,1,Honda City 4. nesil künyesi (GD kasa · 2002–2008 · Sedan).
kunye,610-subaru-outback-bg,1,Subaru Outback BG künyesi (BG kasa · 1994–1999 · Station wagon).
kunye,611-renault-espace-gen6,1,Renault Espace VI künyesi (2023’ten beri · MPV).
kunye,612-fiat-sedici-mk1,1,Fiat Sedici künyesi (GY kasa · 2005–2014 · SUV).
kunye,613-volkswagen-amarok-mk2,1,Volkswagen Amarok 2. Nesil künyesi (NF kasa · 2022’den beri · Pick-up).
kunye,614-toyota-proace-city-gen1,1,Toyota Proace City künyesi (K9 kasa · 2019’dan beri · MPV).
kunye,615-peugeot-expert-mk3,1,Peugeot Expert Mk3 künyesi (K0 kasa · 2016’dan beri · Ticari).
kunye,616-ford-ranger-p703,1,Ford Ranger T6.2 künyesi (P703 kasa · 2022’den beri · Pick-up).
kunye,617-hyundai-ioniq-6-ce,1,Hyundai Ioniq 6 künyesi (CE kasa · 2022’den beri · Sedan).
kunye,618-citroen-nemo-mk1,1,Citroën Nemo künyesi (225 kasa · 2007–2017 · MPV).
kunye,619-opel-combo-b,1,Opel Combo B künyesi (1993–2001 · MPV).
kunye,620-mercedes-benz-glc-x254,1,Mercedes-Benz GLC X254 künyesi (X254 kasa · 2022’den beri · SUV).
kunye,621-kia-niro-de,1,Kia Niro Mk1 künyesi (DE kasa · 2016–2022 · SUV).
kunye,622-nissan-pixo-mk1,1,Nissan Pixo künyesi (HA25 kasa · 2009–2013 · Hatchback).
kunye,623-bmw-x4-g02,1,BMW X4 G02 künyesi (G02 kasa · 2018’den beri · SUV).
kunye,624-volvo-s70-mk1,1,Volvo S70 künyesi (1996–2000 · Sedan).
kunye,625-honda-cr-v-rd4,1,Honda CR-V 2. nesil künyesi (RD4 kasa · 2001–2006 · SUV).
kunye,626-subaru-legacy-bd,1,Subaru Legacy BD künyesi (BD/BG kasa · 1993–1998 · Sedan).
kunye,627-renault-trafic-gen3,1,Renault Trafic III künyesi (X82 kasa · 2014’ten beri · Ticari).
kunye,628-fiat-panda-mk2,1,Fiat Panda Mk2 künyesi (169 kasa · 2003–2012 · Hatchback).
kunye,629-volkswagen-id4-mk1,1,Volkswagen ID.4 1. Nesil künyesi (E21 kasa · 2020’den beri · SUV).
kunye,630-toyota-bz4x-gen1,1,Toyota bZ4X künyesi (EA10 kasa · 2022’den beri · SUV).
kunye,631-peugeot-408-mk1,1,Peugeot 408 künyesi (P54 kasa · 2022’den beri · SUV).
kunye,632-ford-transit-custom-gen2,1,Ford Transit Custom 2. nesil künyesi (V710 kasa · 2023’ten beri · Ticari).
kunye,633-hyundai-elantra-ad,1,Hyundai Elantra (AD) künyesi (AD kasa · 2015–2020 · Sedan).
kunye,634-citroen-jumpy-g9,1,Citroën Jumpy 2. nesil künyesi (G9 kasa · 2006–2016 · Ticari).
kunye,635-opel-grandland-b,1,Opel Grandland (yeni nesil) künyesi (2024’ten beri · SUV).
kunye,636-mercedes-benz-gls-x167,1,Mercedes-Benz GLS X167 künyesi (X167 kasa · 2019’dan beri · SUV).
kunye,637-kia-sorento-um,1,Kia Sorento Mk3 künyesi (UM kasa · 2014–2020 · SUV).
kunye,638-nissan-note-e11,1,Nissan Note E11 künyesi (E11 kasa · 2004–2013 · MPV).
kunye,639-bmw-x5-g05,1,BMW X5 G05 künyesi (G05 kasa · 2018’den beri · SUV).
kunye,640-volvo-850-mk1,1,Volvo 850 künyesi (1991–1997 · Sedan).
kunye,641-honda-hr-v-gh,1,Honda HR-V 1. nesil künyesi (GH kasa · 1999–2006 · SUV).
kunye,642-renault-master-gen4,1,Renault Master IV künyesi (XDD kasa · 2024’ten beri · Ticari).
kunye,643-fiat-stilo-mk1,1,Fiat Stilo künyesi (192 kasa · 2001–2007 · Hatchback).
kunye,644-volkswagen-id7-mk1,1,Volkswagen ID.7 1. Nesil künyesi (ED2/ED5 kasa · 2023’ten beri · Sedan).
kunye,645-toyota-supra-a90,1,Toyota Supra A90 künyesi (A90 kasa · 2019’dan beri · Coupe).
kunye,646-peugeot-traveller-mk1,1,Peugeot Traveller künyesi (K0 kasa · 2016’dan beri · MPV).
kunye,647-ford-tourneo-connect-gen3,1,Ford Tourneo Connect 3. nesil künyesi (2022’den beri · MPV).
kunye,648-hyundai-elantra-hd,1,Hyundai Elantra (HD) künyesi (HD kasa · 2006–2010 · Sedan).
kunye,649-citroen-c1-mk1,1,Citroën C1 1. nesil künyesi (PM/PN kasa · 2005–2014 · Hatchback).
kunye,650-opel-vivaro-c,1,Opel Vivaro C künyesi (K0 kasa · 2019’dan beri · Ticari).
kunye,651-mercedes-benz-g-serisi-w463a,1,Mercedes-Benz G-Serisi W463A künyesi (W463A kasa · 2018’den beri · SUV).
kunye,652-kia-carnival-yp,1,Kia Carnival Mk3 künyesi (YP kasa · 2014–2020 · MPV).
kunye,653-nissan-patrol-y61,1,Nissan Patrol Y61 künyesi (Y61 kasa · 1997–2010 · SUV).
kunye,654-bmw-x6-g06,1,BMW X6 G06 künyesi (G06 kasa · 2019’dan beri · SUV).
kunye,655-honda-stream-rn1,1,Honda Stream 1. nesil künyesi (RN kasa · 2000–2006 · MPV).
kunye,656-renault-express-mk1,1,Renault Express künyesi (XJK kasa · 2021’den beri · Ticari).
kunye,657-fiat-siena-gen1,1,Fiat Siena künyesi (178 kasa · 1996–2002 · Sedan).
kunye,658-volkswagen-arteon-mk1,1,Volkswagen Arteon 1. Nesil künyesi (3H kasa · 2017–2024 · Sedan).
kunye,659-toyota-hilux-an10,1,Toyota Hilux AN10 künyesi (AN10/AN20 kasa · 2005–2015 · Pick-up).
kunye,660-peugeot-508-r83,1,Peugeot 508 Mk2 künyesi (R83 kasa · 2018–2025 · Sedan).
kunye,661-ford-transit-custom-gen1,1,Ford Transit Custom 1. nesil künyesi (V362 kasa · 2012–2023 · Ticari).
kunye,662-hyundai-elantra-xd,1,Hyundai Elantra (XD) künyesi (XD kasa · 2000–2006 · Sedan).
kunye,663-citroen-c8-mk1,1,Citroën C8 künyesi (2002–2014 · MPV).
kunye,664-opel-frontera-mk3,1,Opel Frontera künyesi (OV24 kasa · 2024’ten beri · SUV).
kunye,665-mercedes-benz-v-serisi-w447,1,Mercedes-Benz V-Serisi W447 künyesi (W447 kasa · 2014’ten beri · MPV).
kunye,666-kia-optima-jf,1,Kia Optima Mk4 künyesi (JF kasa · 2015–2020 · Sedan).
kunye,667-nissan-primera-p12,1,Nissan Primera P12 künyesi (P12 kasa · 2002–2008 · Sedan).
kunye,668-bmw-x7-g07,1,BMW X7 G07 künyesi (G07 kasa · 2018’den beri · SUV).
kunye,669-honda-accord-cf,1,Honda Accord 6. nesil künyesi (CF/CG kasa · 1998–2002 · Sedan).
kunye,670-renault-rafale-mk1,1,Renault Rafale künyesi (DHN kasa · 2023’ten beri · SUV).
kunye,671-fiat-uno-mk1,1,Fiat Uno künyesi (146 kasa · 1990–2002 · Hatchback).
kunye,672-volkswagen-amarok-mk1,1,Volkswagen Amarok 1. Nesil künyesi (2H kasa · 2010–2022 · Pick-up).
kunye,673-toyota-hilux-n140,1,Toyota Hilux N140 künyesi (N140 kasa · 1997–2005 · Pick-up).
kunye,674-peugeot-108-mk1,1,Peugeot 108 künyesi (AB40 kasa · 2014–2021 · Hatchback).
kunye,675-ford-tourneo-connect-gen1,1,Ford Tourneo Connect 1. nesil künyesi (C170 kasa · 2002–2013 · MPV).
kunye,676-hyundai-elantra-j2,1,Hyundai Elantra (J2) künyesi (J2 kasa · 1995–2000 · Sedan).
kunye,677-citroen-c4-picasso-pf2,1,Citroën C4 Picasso 1. nesil künyesi (2006–2013 · MPV).
kunye,678-opel-movano-mk3,1,Opel Movano 3. nesil künyesi (250 kasa · 2021’den beri · Ticari).
kunye,679-mercedes-benz-vito-w447,1,Mercedes-Benz Vito W447 künyesi (W447 kasa · 2014’ten beri · Ticari).
kunye,680-kia-soul-ps,1,Kia Soul Mk2 künyesi (PS kasa · 2013–2019 · SUV).
kunye,681-nissan-x-trail-t30,1,Nissan X-Trail T30 künyesi (T30 kasa · 2001–2007 · SUV).
kunye,682-bmw-z4-g29,1,BMW Z4 G29 künyesi (G29 kasa · 2018’den beri · Coupe).
kunye,683-honda-city-sx,1,Honda City 3. nesil künyesi (SX kasa · 1996–2002 · Sedan).
kunye,684-renault-symbioz-mk1,1,Renault Symbioz künyesi (2024’ten beri · SUV).
kunye,685-fiat-brava-mk1,1,Fiat Bravo / Brava künyesi (182 kasa · 1995–2001 · Hatchback).
kunye,686-volkswagen-touareg-mk2,1,Volkswagen Touareg 2. Nesil künyesi (7P kasa · 2010–2018 · SUV).
kunye,687-toyota-rav4-xa40,1,Toyota RAV4 XA40 künyesi (XA40 kasa · 2012–2018 · SUV).
kunye,688-peugeot-508-w23,1,Peugeot 508 Mk1 künyesi (W23 kasa · 2011–2018 · Sedan).
kunye,689-ford-transit-gen4,1,Ford Transit 4. nesil künyesi (V363 kasa · 2014’ten beri · Ticari).
kunye,690-hyundai-elantra-j1,1,Hyundai Elantra (J1) künyesi (J1 kasa · 1990–1995 · Sedan).
kunye,691-citroen-xsara-picasso-mk1,1,Citroën Xsara Picasso künyesi (N68 kasa · 1999–2012 · MPV).
kunye,692-opel-crossland-mk1,1,Opel Crossland künyesi (2017–2024 · SUV).
kunye,693-mercedes-benz-citan-w420,1,Mercedes-Benz Citan W420 künyesi (W420 kasa · 2021’den beri · MPV).
kunye,694-kia-venga-yn,1,Kia Venga künyesi (YN kasa · 2009–2019 · MPV).
kunye,695-nissan-murano-z50,1,Nissan Murano Z50 künyesi (Z50 kasa · 2002–2007 · SUV).
kunye,696-bmw-i4-g26,1,BMW i4 künyesi (G26 kasa · 2021’den beri · Sedan).
kunye,697-honda-cr-v-rd1,1,Honda CR-V 1. nesil künyesi (RD1 kasa · 1995–2001 · SUV).
kunye,698-renault-r5-e-tech-mk1,1,Renault 5 E-Tech künyesi (R5E kasa · 2024’ten beri · Hatchback).
kunye,699-fiat-tempra-mk1,1,Fiat Tempra künyesi (159 kasa · 1990–1999 · Sedan).
kunye,700-volkswagen-scirocco-mk3,1,Volkswagen Scirocco 3. Nesil künyesi (13 kasa · 2008–2017 · Coupe).
kunye,701-toyota-rav4-xa30,1,Toyota RAV4 XA30 künyesi (XA30 kasa · 2005–2012 · SUV).
kunye,702-peugeot-expert-mk2,1,Peugeot Expert Mk2 künyesi (G9 kasa · 2007–2016 · Ticari).
kunye,703-ford-ranger-p375,1,Ford Ranger T6 künyesi (P375 kasa · 2011–2022 · Pick-up).
kunye,704-hyundai-santa-fe-tm,1,Hyundai Santa Fe Mk4 künyesi (TM kasa · 2018–2023 · SUV).
kunye,705-citroen-c2-mk1,1,Citroën C2 künyesi (A6 kasa · 2003–2009 · Hatchback).
kunye,706-opel-grandland-a,1,Opel Grandland X / Grandland künyesi (2017–2024 · SUV).
kunye,707-mercedes-benz-eqa-h243,1,Mercedes-Benz EQA künyesi (H243 kasa · 2021’den beri · SUV).
kunye,708-kia-carens-rp,1,Kia Carens Mk3 künyesi (RP kasa · 2013–2019 · MPV).
kunye,709-nissan-almera-tino-v10,1,Nissan Almera Tino künyesi (V10 kasa · 2000–2006 · MPV).
kunye,710-bmw-ix-i20,1,BMW iX künyesi (I20 kasa · 2021’den beri · SUV).
kunye,711-honda-accord-cd,1,Honda Accord 5. nesil künyesi (CD kasa · 1993–1998 · Sedan).
kunye,712-renault-arkana-mk1,1,Renault Arkana künyesi (LJL kasa · 2021–2025 · SUV).
kunye,713-fiat-tipo-160-mk1,1,Fiat Tipo (160) künyesi (160 kasa · 1988–1995 · Hatchback).
kunye,714-toyota-rav4-xa20,1,Toyota RAV4 XA20 künyesi (XA20 kasa · 2000–2005 · SUV).
kunye,715-peugeot-107-mk1,1,Peugeot 107 künyesi (PM/PN kasa · 2005–2014 · Hatchback).
kunye,716-ford-tourneo-custom-gen2,1,Ford Tourneo Custom 2. nesil künyesi (V710 kasa · 2023’ten beri · MPV).
kunye,717-hyundai-kona-os,1,Hyundai Kona Mk1 künyesi (OS kasa · 2017–2023 · SUV).
kunye,718-citroen-c5-dc,1,Citroën C5 1. nesil künyesi (DC/DE kasa · 2000–2008 · Sedan).
kunye,719-opel-movano-mk2,1,Opel Movano 2. nesil künyesi (X62 kasa · 2010–2021 · Ticari).
kunye,720-mercedes-benz-eqe-v295,1,Mercedes-Benz EQE künyesi (V295 kasa · 2022’den beri · Sedan).
kunye,721-kia-picanto-ta,1,Kia Picanto Mk2 künyesi (TA kasa · 2011–2017 · Hatchback).
kunye,722-nissan-terrano-r20,1,Nissan Terrano II künyesi (R20 kasa · 1993–2006 · SUV).
kunye,723-bmw-ix1-u11,1,BMW iX1 künyesi (U11 kasa · 2022’den beri · SUV).
kunye,724-honda-accord-cb,1,Honda Accord 4. nesil künyesi (CB kasa · 1990–1993 · Sedan).
kunye,725-renault-zoe-ph2,1,Renault Zoe ZE 50 künyesi (X10 kasa · 2019–2024 · Hatchback).
kunye,726-toyota-rav4-xa10,1,Toyota RAV4 XA10 künyesi (XA10 kasa · 1994–2000 · SUV).
kunye,727-peugeot-807-mk1,1,Peugeot 807 künyesi (2002–2014 · MPV).
kunye,728-ford-ranger-pj,1,Ford Ranger PJ/PK künyesi (PJ/PK kasa · 1998–2011 · Pick-up).
kunye,729-hyundai-ioniq-ae,1,Hyundai Ioniq künyesi (AE kasa · 2016–2022 · Hatchback).
kunye,730-citroen-jumpy-mk1,1,Citroën Jumpy 1. nesil künyesi (1994–2007 · Ticari).
kunye,731-opel-vivaro-b,1,Opel Vivaro B künyesi (X82 kasa · 2014–2019 · Ticari).
kunye,732-mercedes-benz-eqs-v297,1,Mercedes-Benz EQS künyesi (V297 kasa · 2021’den beri · Sedan).
kunye,733-kia-optima-tf,1,Kia Optima Mk3 künyesi (TF kasa · 2010–2015 · Sedan).
kunye,734-nissan-navara-d22,1,Nissan Navara D22 künyesi (D22 kasa · 1997–2005 · Pick-up).
kunye,735-bmw-x3-g01,1,BMW X3 G01 künyesi (G01 kasa · 2017–2024 · SUV).
kunye,736-renault-master-gen3,1,Renault Master III künyesi (X62 kasa · 2010–2024 · Ticari).
kunye,737-toyota-camry-xv70,1,Toyota Camry XV70 künyesi (XV70 kasa · 2018–2024 · Sedan).
kunye,738-peugeot-407-mk1,1,Peugeot 407 künyesi (D2 kasa · 2004–2011 · Sedan).
kunye,739-ford-transit-gen3,1,Ford Transit 3. nesil künyesi (V184/V347 kasa · 2000–2014 · Ticari).
kunye,740-hyundai-h-1-tq,1,Hyundai H-1 (ikinci nesil) künyesi (TQ kasa · 2007–2021 · Ticari).
kunye,741-citroen-xsara-mk1,1,Citroën Xsara künyesi (1997–2006 · Hatchback).
kunye,742-opel-meriva-b,1,Opel Meriva B künyesi (2010–2017 · MPV).
kunye,743-mercedes-benz-sprinter-w906,1,Mercedes-Benz Sprinter W906 künyesi (W906 kasa · 2006–2018 · Ticari).
kunye,744-kia-sorento-xm,1,Kia Sorento Mk2 künyesi (XM kasa · 2009–2014 · SUV).
kunye,745-nissan-pathfinder-r50,1,Nissan Pathfinder R50 künyesi (R50 kasa · 1995–2004 · SUV).
kunye,746-bmw-ix3-g08,1,BMW iX3 künyesi (G08 kasa · 2020–2024 · SUV).
kunye,747-renault-espace-gen5,1,Renault Espace V künyesi (JFC kasa · 2015–2023 · MPV).
kunye,748-toyota-land-cruiser-prado-j150,1,Toyota Land Cruiser Prado J150 künyesi (J150 kasa · 2009–2023 · SUV).
kunye,749-peugeot-607-mk1,1,Peugeot 607 künyesi (Z8 kasa · 1999–2010 · Sedan).
kunye,750-ford-s-max-gen2,1,Ford S-Max 2. nesil künyesi (CD539 kasa · 2015–2023 · MPV).
kunye,751-hyundai-santa-fe-dm,1,Hyundai Santa Fe Mk3 künyesi (DM kasa · 2012–2018 · SUV).
kunye,752-citroen-saxo-mk2,1,Citroën Saxo 2. seri künyesi (1999–2003 · Hatchback).
kunye,753-opel-antara-mk1,1,Opel Antara künyesi (L07 kasa · 2006–2015 · SUV).
kunye,754-mercedes-benz-sprinter-w901,1,Mercedes-Benz Sprinter W901 künyesi (W901-905 kasa · 1995–2006 · Ticari).
kunye,755-kia-carnival-vq,1,Kia Carnival Mk2 künyesi (VQ kasa · 2005–2014 · MPV).
kunye,756-nissan-primera-p11,1,Nissan Primera P11 künyesi (P11 kasa · 1996–2002 · Sedan).
kunye,757-bmw-x2-f39,1,BMW X2 F39 künyesi (F39 kasa · 2018–2023 · SUV).
kunye,758-renault-scenic-mk4,1,Renault Scénic Mk4 künyesi (JFA/RFA kasa · 2016–2022 · MPV).
kunye,759-toyota-aygo-ab40,1,Toyota Aygo AB40 künyesi (AB40 kasa · 2014–2022 · Hatchback).
kunye,760-peugeot-1007-mk1,1,Peugeot 1007 künyesi (2005–2009 · Hatchback).
kunye,761-ford-galaxy-mk3,1,Ford Galaxy 3. nesil künyesi (CD539 kasa · 2015–2023 · MPV).
kunye,762-hyundai-sonata-yf,1,Hyundai Sonata (YF) künyesi (YF kasa · 2009–2014 · Sedan).
kunye,763-citroen-xantia-mk1,1,Citroën Xantia künyesi (1993–2001 · Hatchback).
kunye,764-opel-vivaro-a,1,Opel Vivaro A künyesi (X83 kasa · 2001–2014 · Ticari).
kunye,765-mercedes-benz-cls-c257,1,Mercedes-Benz CLS C257 künyesi (C257 kasa · 2018–2023 · Sedan).
kunye,766-kia-soul-am,1,Kia Soul Mk1 künyesi (AM kasa · 2008–2013 · SUV).
kunye,767-nissan-patrol-y60,1,Nissan Patrol Y60 künyesi (Y60 kasa · 1990–1997 · SUV).
kunye,768-bmw-7-serisi-g11,1,BMW 7 Serisi G11 künyesi (G11/G12 kasa · 2015–2022 · Sedan).
kunye,769-renault-talisman-mk1,1,Renault Talisman künyesi (LFD kasa · 2015–2022 · Sedan).
kunye,770-toyota-prius-xw50,1,Toyota Prius XW50 künyesi (XW50 kasa · 2015–2022 · Hatchback).
kunye,771-peugeot-106-mk1,1,Peugeot 106 künyesi (1991–2003 · Hatchback).
kunye,772-ford-mustang-s550,1,Ford Mustang S550 künyesi (S550 kasa · 2015–2023 · Coupe).
kunye,773-hyundai-santa-fe-cm,1,Hyundai Santa Fe Mk2 künyesi (CM kasa · 2006–2012 · SUV).
kunye,774-citroen-saxo-mk1,1,Citroën Saxo 1. seri künyesi (1996–1999 · Hatchback).
kunye,775-opel-agila-mk2,1,Opel Agila 2. nesil künyesi (H08 kasa · 2008–2014 · Hatchback).
kunye,776-mercedes-benz-glc-x253,1,Mercedes-Benz GLC X253 künyesi (X253 kasa · 2015–2022 · SUV).
kunye,777-kia-carens-un,1,Kia Carens Mk2 künyesi (UN kasa · 2006–2013 · MPV).
kunye,778-nissan-primera-p10,1,Nissan Primera P10 künyesi (P10 kasa · 1990–1996 · Sedan).
kunye,779-bmw-i3-i01,1,BMW i3 künyesi (I01 kasa · 2013–2022 · Hatchback).
kunye,780-renault-zoe-ph1,1,Renault Zoe (ilk seri) künyesi (X10 kasa · 2012–2019 · Hatchback).
kunye,781-toyota-land-cruiser-j200,1,Toyota Land Cruiser J200 künyesi (J200 kasa · 2007–2021 · SUV).
kunye,782-peugeot-806-mk1,1,Peugeot 806 künyesi (1994–2002 · MPV).
kunye,783-ford-tourneo-custom-gen1,1,Ford Tourneo Custom 1. nesil künyesi (V362 kasa · 2012–2023 · MPV).
kunye,784-hyundai-matrix-fc,1,Hyundai Matrix künyesi (FC kasa · 2001–2010 · MPV).
kunye,785-citroen-ax-mk1,1,Citroën AX künyesi (1986–1998 · Hatchback).
kunye,786-opel-meriva-a,1,Opel Meriva A künyesi (2003–2010 · MPV).
kunye,787-mercedes-benz-citan-w415,1,Mercedes-Benz Citan W415 künyesi (W415 kasa · 2012–2021 · MPV).
kunye,788-kia-picanto-sa,1,Kia Picanto Mk1 künyesi (SA kasa · 2004–2011 · Hatchback).
kunye,789-nissan-sunny-b13,1,Nissan Sunny B13 künyesi (B13 kasa · 1990–1993 · Sedan).
kunye,790-bmw-2-serisi-f22,1,BMW 2 Serisi F22 künyesi (F22/F23 kasa · 2014–2021 · Coupe).
kunye,791-renault-scenic-mk3,1,Renault Scénic Mk3 künyesi (J95 kasa · 2009–2016 · MPV).
kunye,792-toyota-avensis-t270,1,Toyota Avensis T270 künyesi (T270 kasa · 2009–2018 · Sedan).
kunye,793-peugeot-605-mk1,1,Peugeot 605 künyesi (Z6 kasa · 1989–1999 · Sedan).
kunye,794-ford-ecosport-b515,1,Ford EcoSport künyesi (B515 kasa · 2012–2022 · SUV).
kunye,795-hyundai-sonata-nf,1,Hyundai Sonata (NF) künyesi (NF kasa · 2004–2009 · Sedan).
kunye,796-citroen-zx-mk1,1,Citroën ZX künyesi (N2 kasa · 1991–1998 · Hatchback).
kunye,797-opel-movano-mk1,1,Opel Movano 1. nesil künyesi (X70 kasa · 1998–2010 · Ticari).
kunye,798-mercedes-benz-s-serisi-w222,1,Mercedes-Benz S-Serisi W222 künyesi (W222 kasa · 2013–2020 · Sedan).
kunye,799-kia-optima-mg,1,Kia Magentis Mk2 künyesi (MG kasa · 2005–2010 · Sedan).
kunye,800-bmw-2-serisi-active-tourer-f45,1,BMW 2 Serisi Active Tourer F45 künyesi (F45/F46 kasa · 2014–2021 · MPV).
kunye,801-renault-koleos-mk1,1,Renault Koleos künyesi (HY kasa · 2008–2016 · SUV).
kunye,802-toyota-verso-ar20,1,Toyota Verso künyesi (AR20 kasa · 2009–2018 · MPV).
kunye,803-peugeot-205-mk1,1,Peugeot 205 künyesi (M24 kasa · 1983–1998 · Hatchback).
kunye,804-ford-ka-mk3,1,Ford Ka+ 3. nesil künyesi (B562 kasa · 2016–2021 · Hatchback).
kunye,805-hyundai-coupe-gk,1,Hyundai Coupe (GK) künyesi (GK kasa · 2001–2009 · Coupe).
kunye,806-citroen-bx-mk1,1,Citroën BX künyesi (XB kasa · 1982–1994 · Hatchback).
kunye,807-opel-tigra-b,1,Opel Tigra TwinTop künyesi (2004–2009 · Coupe).
kunye,808-mercedes-benz-slk-r172,1,Mercedes-Benz SLK/SLC R172 künyesi (R172 kasa · 2011–2020 · Coupe).
kunye,809-kia-sorento-bl,1,Kia Sorento Mk1 künyesi (BL kasa · 2002–2009 · SUV).
kunye,810-bmw-4-serisi-f32,1,BMW 4 Serisi F32 künyesi (F32/F33/F36 kasa · 2013–2020 · Coupe).
kunye,811-renault-laguna-mk3,1,Renault Laguna Mk3 künyesi (X91 kasa · 2007–2015 · Hatchback).
kunye,812-toyota-proace-gen1,1,Toyota Proace 1. nesil künyesi (G9 kasa · 2013–2016 · Ticari).
kunye,813-peugeot-405-mk1,1,Peugeot 405 künyesi (D60 kasa · 1987–1997 · Sedan).
kunye,814-ford-c-max-gen2,1,Ford C-Max 2. nesil künyesi (C344 kasa · 2010–2019 · MPV).
kunye,815-hyundai-atos-prime,1,Hyundai Atos Prime künyesi (2003–2008 · Hatchback).
kunye,816-opel-signum-mk1,1,Opel Signum künyesi (2003–2008 · Hatchback).
kunye,817-mercedes-benz-sl-r231,1,Mercedes-Benz SL R231 künyesi (R231 kasa · 2012–2020 · Coupe).
kunye,818-kia-carens-rs,1,Kia Carens Mk1 künyesi (RS kasa · 1999–2006 · MPV).
kunye,819-bmw-x6-f16,1,BMW X6 F16 künyesi (F16 kasa · 2014–2019 · SUV).
kunye,820-renault-espace-gen4,1,Renault Espace IV künyesi (J81 kasa · 2002–2015 · MPV).
kunye,821-toyota-prius-xw30,1,Toyota Prius XW30 künyesi (XW30 kasa · 2009–2015 · Hatchback).
kunye,822-peugeot-309-mk1,1,Peugeot 309 künyesi (C28 kasa · 1985–1994 · Hatchback).
kunye,823-ford-ka-mk2,1,Ford Ka 2. nesil künyesi (B420 kasa · 2008–2016 · Hatchback).
kunye,824-hyundai-terracan-hp,1,Hyundai Terracan künyesi (HP kasa · 2001–2007 · SUV).
kunye,825-opel-agila-mk1,1,Opel Agila 1. nesil künyesi (H00 kasa · 2000–2007 · Hatchback).
kunye,826-mercedes-benz-gla-x156,1,Mercedes-Benz GLA X156 künyesi (X156 kasa · 2013–2020 · SUV).
kunye,827-kia-optima-ms,1,Kia Magentis Mk1 künyesi (MS kasa · 2000–2006 · Sedan).
kunye,828-bmw-6-serisi-f12,1,BMW 6 Serisi F12 künyesi (F12/F13/F06 kasa · 2011–2018 · Coupe).
kunye,829-renault-latitude-mk1,1,Renault Latitude künyesi (X43 kasa · 2010–2015 · Sedan).
kunye,830-toyota-aygo-ab10,1,Toyota Aygo AB10 künyesi (AB10 kasa · 2005–2014 · Hatchback).
kunye,831-ford-s-max-gen1,1,Ford S-Max 1. nesil künyesi (CD340 kasa · 2006–2015 · MPV).
kunye,832-hyundai-h-1-h1,1,Hyundai H-1 (ilk nesil) künyesi (A1 kasa · 1997–2007 · Ticari).
kunye,833-opel-frontera-mk2,1,Opel Frontera 2. nesil künyesi (1998–2004 · SUV).
kunye,834-mercedes-benz-gle-w166,1,Mercedes-Benz GLE W166 künyesi (W166 kasa · 2015–2019 · SUV).
kunye,835-kia-carnival-kv2,1,Kia Carnival Mk1 künyesi (KV-II kasa · 1998–2005 · MPV).
kunye,836-bmw-x4-f26,1,BMW X4 F26 künyesi (F26 kasa · 2014–2018 · SUV).
kunye,837-renault-trafic-gen2,1,Renault Trafic II künyesi (X83 kasa · 2001–2015 · Ticari).
kunye,838-toyota-avensis-t250,1,Toyota Avensis T250 künyesi (T250 kasa · 2003–2009 · Sedan).
kunye,839-ford-galaxy-mk2,1,Ford Galaxy 2. nesil künyesi (CD340 kasa · 2006–2015 · MPV).
kunye,840-hyundai-santa-fe-sm,1,Hyundai Santa Fe Mk1 künyesi (SM kasa · 2000–2006 · SUV).
kunye,841-opel-omega-b,1,Opel Omega B künyesi (1994–2003 · Sedan).
kunye,842-mercedes-benz-gls-x166,1,Mercedes-Benz GL/GLS X166 künyesi (X166 kasa · 2012–2019 · SUV).
kunye,843-kia-shuma-mk1,1,Kia Shuma künyesi (1997–2004 · Hatchback).
kunye,844-bmw-x5-f15,1,BMW X5 F15 künyesi (F15 kasa · 2013–2018 · SUV).
kunye,845-renault-master-gen2,1,Renault Master II künyesi (X70 kasa · 1997–2010 · Ticari).
kunye,846-toyota-verso-ar10,1,Toyota Corolla Verso künyesi (AR10 kasa · 2004–2009 · MPV).
kunye,847-ford-fusion-mk1,1,Ford Fusion künyesi (2002–2012 · MPV).
kunye,848-hyundai-sonata-ef,1,Hyundai Sonata (EF) künyesi (EF kasa · 1998–2004 · Sedan).
kunye,849-opel-tigra-a,1,Opel Tigra A künyesi (1994–2000 · Coupe).
kunye,850-mercedes-benz-b-serisi-w246,1,Mercedes-Benz B-Serisi W246 künyesi (W246 kasa · 2011–2018 · MPV).
kunye,851-kia-clarus-mk1,1,Kia Clarus künyesi (1996–2001 · Sedan).
kunye,852-bmw-x3-f25,1,BMW X3 F25 künyesi (F25 kasa · 2010–2017 · SUV).
kunye,853-renault-scenic-mk2,1,Renault Scénic Mk2 künyesi (J84 kasa · 2003–2009 · MPV).
kunye,854-toyota-prius-xw20,1,Toyota Prius XW20 künyesi (XW20 kasa · 2003–2009 · Hatchback).
kunye,855-ford-c-max-gen1,1,Ford C-Max 1. nesil künyesi (C214 kasa · 2003–2010 · MPV).
kunye,856-hyundai-atos-mx,1,Hyundai Atos künyesi (MX kasa · 1997–2003 · Hatchback).
kunye,857-opel-frontera-mk1,1,Opel Frontera 1. nesil künyesi (1991–1998 · SUV).
kunye,858-mercedes-benz-cls-c218,1,Mercedes-Benz CLS C218 künyesi (C218 kasa · 2010–2018 · Sedan).
kunye,859-bmw-z4-e89,1,BMW Z4 E89 künyesi (E89 kasa · 2009–2016 · Coupe).
kunye,860-renault-laguna-mk2,1,Renault Laguna Mk2 künyesi (X74 kasa · 2000–2007 · Hatchback).
kunye,861-toyota-land-cruiser-prado-j120,1,Toyota Land Cruiser Prado J120 künyesi (J120 kasa · 2002–2009 · SUV).
kunye,862-ford-ka-mk1,1,Ford Ka 1. nesil künyesi (BE146 kasa · 1996–2008 · Hatchback).
kunye,863-hyundai-coupe-rd,1,Hyundai Coupe (RD) künyesi (RD kasa · 1996–2001 · Coupe).
kunye,864-opel-omega-a,1,Opel Omega A künyesi (1986–1994 · Sedan).
kunye,865-mercedes-benz-g-serisi-w463,1,Mercedes-Benz G-Serisi W463 künyesi (W463 kasa · 1990–2018 · SUV).
kunye,866-bmw-7-serisi-f01,1,BMW 7 Serisi F01 künyesi (F01/F02 kasa · 2008–2015 · Sedan).
kunye,867-renault-scenic-mk1,1,Renault Scénic Mk1 künyesi (J64 kasa · 1996–2003 · MPV).
kunye,868-toyota-land-cruiser-j100,1,Toyota Land Cruiser J100 künyesi (J100 kasa · 1998–2007 · SUV).
kunye,869-ford-maverick-gen2,1,Ford Maverick 2. nesil künyesi (2001–2007 · SUV).
kunye,870-hyundai-sonata-y3,1,Hyundai Sonata (Y3) künyesi (Y3 kasa · 1993–1998 · Sedan).
kunye,871-mercedes-benz-ml-w166,1,Mercedes-Benz ML W166 künyesi (W166 kasa · 2011–2015 · SUV).
kunye,872-bmw-x6-e71,1,BMW X6 E71 künyesi (E71 kasa · 2008–2014 · SUV).
kunye,873-renault-espace-gen3,1,Renault Espace III künyesi (JE0 kasa · 1996–2002 · MPV).
kunye,874-toyota-camry-xv30,1,Toyota Camry XV30 künyesi (XV30 kasa · 2002–2006 · Sedan).
kunye,875-ford-galaxy-mk1,1,Ford Galaxy 1. nesil künyesi (V191 kasa · 1995–2006 · MPV).
kunye,876-hyundai-sonata-y2,1,Hyundai Sonata (Y2) künyesi (Y2 kasa · 1988–1993 · Sedan).
kunye,877-mercedes-benz-v-serisi-w639,1,Mercedes-Benz Viano W639 künyesi (W639 kasa · 2003–2014 · MPV).
kunye,878-bmw-x5-e70,1,BMW X5 E70 künyesi (E70 kasa · 2006–2013 · SUV).
kunye,879-renault-r19-europa,1,Renault 19 Europa künyesi (X53 kasa · 1996–2002 · Sedan).
kunye,880-toyota-celica-t230,1,Toyota Celica T230 künyesi (T230 kasa · 1999–2006 · Coupe).
kunye,881-ford-escort-mk6,1,Ford Escort 6. nesil künyesi (CE14 kasa · 1995–2002 · Hatchback).
kunye,882-mercedes-benz-vito-w639,1,Mercedes-Benz Vito W639 künyesi (W639 kasa · 2003–2014 · Ticari).
kunye,883-bmw-6-serisi-e63,1,BMW 6 Serisi E63 künyesi (E63/E64 kasa · 2003–2010 · Coupe).
kunye,884-renault-safrane-mk1,1,Renault Safrane künyesi (X54 kasa · 1992–2002 · Hatchback).
kunye,885-toyota-avensis-t220,1,Toyota Avensis T220 künyesi (T220 kasa · 1997–2003 · Sedan).
kunye,886-ford-explorer-gen2,1,Ford Explorer 2. nesil künyesi (UN105 kasa · 1994–2001 · SUV).
kunye,887-mercedes-benz-s-serisi-w221,1,Mercedes-Benz S-Serisi W221 künyesi (W221 kasa · 2005–2013 · Sedan).
kunye,888-bmw-x3-e83,1,BMW X3 E83 künyesi (E83 kasa · 2003–2010 · SUV).
kunye,889-renault-laguna-mk1,1,Renault Laguna Mk1 künyesi (X56 kasa · 1994–2000 · Hatchback).
kunye,890-toyota-prius-xw10,1,Toyota Prius XW10 künyesi (XW10 kasa · 1997–2003 · Hatchback).
kunye,891-ford-scorpio-mk2,1,Ford Scorpio 2. nesil künyesi (1994–1998 · Sedan).
kunye,892-mercedes-benz-gls-x164,1,Mercedes-Benz GL X164 künyesi (X164 kasa · 2006–2012 · SUV).
kunye,893-bmw-7-serisi-e65,1,BMW 7 Serisi E65 künyesi (E65/E66 kasa · 2001–2008 · Sedan).
kunye,894-renault-r12-toros-toros,1,Renault 12 Toros künyesi (1989–2000 · Sedan).
kunye,895-toyota-camry-xv20,1,Toyota Camry XV20 künyesi (XV20 kasa · 1996–2002 · Sedan).
kunye,896-ford-maverick-gen1,1,Ford Maverick 1. nesil künyesi (R20 kasa · 1993–1998 · SUV).
kunye,897-mercedes-benz-b-serisi-w245,1,Mercedes-Benz B-Serisi W245 künyesi (W245 kasa · 2005–2011 · MPV).
kunye,898-bmw-z4-e85,1,BMW Z4 E85 künyesi (E85/E86 kasa · 2002–2008 · Coupe).
kunye,899-renault-r21-manager,1,Renault 21 Manager künyesi (X48 kasa · 1990–1998 · Sedan).
kunye,900-toyota-land-cruiser-prado-j90,1,Toyota Land Cruiser Prado J90 künyesi (J90 kasa · 1996–2002 · SUV).
kunye,901-ford-escort-mk5,1,Ford Escort 5. nesil künyesi (CE14 kasa · 1990–1995 · Hatchback).
kunye,902-mercedes-benz-slk-r171,1,Mercedes-Benz SLK R171 künyesi (R171 kasa · 2004–2011 · Coupe).
kunye,903-bmw-x5-e53,1,BMW X5 E53 künyesi (E53 kasa · 1999–2006 · SUV).
kunye,904-renault-espace-gen2,1,Renault Espace II künyesi (J63 kasa · 1991–1997 · MPV).
kunye,905-toyota-supra-a80,1,Toyota Supra A80 künyesi (A80 kasa · 1993–2002 · Coupe).
kunye,906-ford-scorpio-mk1,1,Ford Scorpio 1. nesil künyesi (1985–1994 · Sedan).
kunye,907-mercedes-benz-sl-r230,1,Mercedes-Benz SL R230 künyesi (R230 kasa · 2001–2011 · Coupe).
kunye,908-bmw-z3-e36-7,1,BMW Z3 E36/7 künyesi (E36/7 kasa · 1995–2002 · Coupe).
kunye,909-renault-r19-mk1,1,Renault Renault 19 künyesi (X53 kasa · 1992–1996 · Sedan).
kunye,910-toyota-starlet-p90,1,Toyota Starlet P90 künyesi (P90 kasa · 1996–1999 · Hatchback).
kunye,911-ford-explorer-gen1,1,Ford Explorer 1. nesil künyesi (UN46 kasa · 1990–1994 · SUV).
kunye,912-mercedes-benz-ml-w164,1,Mercedes-Benz ML W164 künyesi (W164 kasa · 2005–2011 · SUV).
kunye,913-bmw-7-serisi-e38,1,BMW 7 Serisi E38 künyesi (E38 kasa · 1994–2001 · Sedan).
kunye,914-toyota-celica-t200,1,Toyota Celica T200 künyesi (T200 kasa · 1993–1999 · Coupe).
kunye,915-ford-sierra-mk1,1,Ford Sierra künyesi (1982–1993 · Hatchback).
kunye,916-mercedes-benz-cls-c219,1,Mercedes-Benz CLS C219 künyesi (C219 kasa · 2004–2010 · Sedan).
kunye,917-bmw-8-serisi-e31,1,BMW 8 Serisi E31 künyesi (E31 kasa · 1990–1999 · Coupe).
kunye,918-toyota-corona-t190,1,Toyota Corona T190 künyesi (T190 kasa · 1992–1998 · Sedan).
kunye,919-mercedes-benz-clk-w209,1,Mercedes-Benz CLK W209 künyesi (W209 kasa · 2002–2010 · Coupe).
kunye,920-bmw-7-serisi-e32,1,BMW 7 Serisi E32 künyesi (E32 kasa · 1986–1994 · Sedan).
kunye,921-toyota-carina-t190,1,Toyota Carina E künyesi (T190 kasa · 1992–1997 · Sedan).
kunye,922-mercedes-benz-s-serisi-w220,1,Mercedes-Benz S-Serisi W220 künyesi (W220 kasa · 1998–2005 · Sedan).
kunye,923-toyota-land-cruiser-j80,1,Toyota Land Cruiser J80 künyesi (J80 kasa · 1990–1997 · SUV).
kunye,924-mercedes-benz-ml-w163,1,Mercedes-Benz ML W163 künyesi (W163 kasa · 1997–2005 · SUV).
kunye,925-toyota-camry-xv10,1,Toyota Camry XV10 künyesi (XV10 kasa · 1992–1996 · Sedan).
kunye,926-mercedes-benz-slk-r170,1,Mercedes-Benz SLK R170 künyesi (R170 kasa · 1996–2004 · Coupe).
kunye,927-toyota-starlet-p80,1,Toyota Starlet P80 künyesi (P80 kasa · 1989–1996 · Hatchback).
kunye,928-mercedes-benz-v-serisi-w638,1,Mercedes-Benz V-Serisi W638 künyesi (W638 kasa · 1996–2003 · MPV).
kunye,929-toyota-carina-t170,1,Toyota Carina II künyesi (T170 kasa · 1988–1992 · Sedan).
kunye,930-mercedes-benz-vito-w638,1,Mercedes-Benz Vito W638 künyesi (W638 kasa · 1996–2003 · Ticari).
kunye,931-toyota-camry-v20,1,Toyota Camry V20 künyesi (V20 kasa · 1986–1992 · Sedan).
kunye,932-mercedes-benz-clk-w208,1,Mercedes-Benz CLK W208 künyesi (W208 kasa · 1997–2002 · Coupe).
kunye,933-mercedes-benz-sl-r129,1,Mercedes-Benz SL R129 künyesi (R129 kasa · 1989–2001 · Coupe).
kunye,934-mercedes-benz-s-serisi-w140,1,Mercedes-Benz S-Serisi W140 künyesi (W140 kasa · 1991–1998 · Sedan).
kunye,935-mercedes-benz-190-w201,1,Mercedes-Benz 190 (W201) künyesi (W201 kasa · 1982–1993 · Sedan).
listeler,001-en-az-yakan-suv,1,Bugün alınabilecek SUV modelleri içinde yakıtı en az olan beşi. Litre değerleri 100 km için karma tüketim.
listeler,002-en-az-yakan-hatchback,1,Bugün alınabilecek hatchback modelleri içinde yakıtı en az olan beşi. Litre değerleri 100 km için karma tüketim.
listeler,003-en-az-yakan-sedan,1,Bugün alınabilecek sedan modelleri içinde yakıtı en az olan beşi. Litre değerleri 100 km için karma tüketim.
listeler,004-en-az-yakan-ticari,1,Bugün alınabilecek ticari araç modelleri içinde yakıtı en az olan beşi. Litre değerleri 100 km için karma tüketim.
listeler,005-en-az-yakan-station,1,Bugün alınabilecek station wagon modelleri içinde yakıtı en az olan beşi. Litre değerleri 100 km için karma tüketim.
listeler,006-en-az-yakan-mpv,1,Bugün alınabilecek MPV modelleri içinde yakıtı en az olan beşi. Litre değerleri 100 km için karma tüketim.
listeler,007-en-az-yakan-pickup,1,Bugün alınabilecek pick-up modelleri içinde yakıtı en az olan beşi. Litre değerleri 100 km için karma tüketim.
listeler,008-en-az-yakan-dizel,1,Dizel motorlu araçlar içinde en az yakan beş model.
listeler,009-en-az-yakan-benzin,1,Benzin motorlu araçlar içinde en az yakan beş model.
listeler,010-en-az-yakan-hibrit,1,Hibrit motorlu araçlar içinde en az yakan beş model.
listeler,011-en-uzun-menzil,1,Türkiye’de satılan elektrikli araçlar arasında tek şarjla en uzağa gidebilen beş model.
listeler,012-en-az-yakan-marka-renault,1,Renault gamında yakıtı en az olan beş model; her modelin en az yakan motoru.
listeler,013-en-az-yakan-marka-fiat,1,Fiat gamında yakıtı en az olan beş model; her modelin en az yakan motoru.
listeler,014-en-az-yakan-marka-volkswagen,1,Volkswagen gamında yakıtı en az olan beş model; her modelin en az yakan motoru.
listeler,015-en-az-yakan-marka-toyota,1,Toyota gamında yakıtı en az olan beş model; her modelin en az yakan motoru.
listeler,016-en-az-yakan-marka-peugeot,1,Peugeot gamında yakıtı en az olan beş model; her modelin en az yakan motoru.
listeler,017-en-az-yakan-marka-ford,1,Ford gamında yakıtı en az olan beş model; her modelin en az yakan motoru.
listeler,018-en-az-yakan-marka-hyundai,1,Hyundai gamında yakıtı en az olan beş model; her modelin en az yakan motoru.
listeler,019-en-az-yakan-marka-citroen,1,Citroën gamında yakıtı en az olan beş model; her modelin en az yakan motoru.
listeler,020-en-az-yakan-marka-opel,1,Opel gamında yakıtı en az olan beş model; her modelin en az yakan motoru.
listeler,021-en-az-yakan-marka-skoda,1,Škoda gamında yakıtı en az olan beş model; her modelin en az yakan motoru.
listeler,022-en-az-yakan-marka-mercedes-benz,1,Mercedes-Benz gamında yakıtı en az olan beş model; her modelin en az yakan motoru.
listeler,023-en-az-yakan-marka-kia,1,Kia gamında yakıtı en az olan beş model; her modelin en az yakan motoru.
listeler,024-en-az-yakan-marka-nissan,1,Nissan gamında yakıtı en az olan beş model; her modelin en az yakan motoru.
listeler,025-en-az-yakan-marka-bmw,1,BMW gamında yakıtı en az olan beş model; her modelin en az yakan motoru.
listeler,026-en-az-yakan-marka-kg-mobility,1,KG Mobility gamında yakıtı en az olan beş model; her modelin en az yakan motoru.
listeler,027-en-az-yakan-marka-volvo,1,Volvo gamında yakıtı en az olan beş model; her modelin en az yakan motoru.
listeler,028-en-az-yakan-marka-audi,1,Audi gamında yakıtı en az olan beş model; her modelin en az yakan motoru.
listeler,029-en-az-yakan-marka-dacia,1,Dacia gamında yakıtı en az olan beş model; her modelin en az yakan motoru.
listeler,030-en-az-yakan-marka-jeep,1,Jeep gamında yakıtı en az olan beş model; her modelin en az yakan motoru.
listeler,031-en-az-yakan-marka-honda,1,Honda gamında yakıtı en az olan beş model; her modelin en az yakan motoru.
listeler,032-en-az-yakan-marka-suzuki,1,Suzuki gamında yakıtı en az olan beş model; her modelin en az yakan motoru.
listeler,033-en-az-yakan-marka-seat,1,SEAT gamında yakıtı en az olan beş model; her modelin en az yakan motoru.
listeler,034-en-az-yakan-marka-land-rover,1,Land Rover gamında yakıtı en az olan beş model; her modelin en az yakan motoru.
listeler,035-en-az-yakan-marka-lexus,1,Lexus gamında yakıtı en az olan beş model; her modelin en az yakan motoru.
markalar,001-renault,1,"Renault: Pazarın lideri; 1971’den beri Bursa’da üretiliyor, servis ağı her ilde var."
markalar,002-fiat,1,Fiat: Egea ailesiyle pazarın en çok satan otomobilini elinde tutuyor; Tofaş üretimi.
markalar,003-volkswagen,1,Volkswagen: Türkiye’nin en çok satan ve en çok ikinci el işlem gören markalarından biri.
markalar,004-toyota,1,Toyota: Sakarya’da üretilen Corolla ve C-HR ile hibritin Türkiye’deki en yaygın adresi.
markalar,005-peugeot,1,Peugeot: 2008 ve 3008 ile SUV tarafında güçlü; i-Cockpit iç tasarımıyla tanınıyor.
markalar,006-ford,1,Ford: Hafif ticaride pazarın lideri; Transit ve Courier Kocaeli’de üretiliyor.
markalar,007-hyundai,1,"Hyundai: İzmit’te üretilen i10, i20 ve Bayon ile B segmentinin güçlü oyuncusu."
markalar,008-citroen,1,Citroën: Konfor odaklı süspansiyonu ve uygun fiyatlı C3 ailesiyle biliniyor.
markalar,009-opel,1,"Opel: Corsa ve Astra ile uzun geçmişi olan, Stellantis sonrası Fransız tekniğine geçen marka."
markalar,010-togg,1,Togg: Türkiye’nin kendi markası; Gemlik’te üretilen tam elektrikli T10X ve T10F.
markalar,011-skoda,1,"Škoda: Aynı teknik altyapıyı daha uygun fiyata sunan, bagaj ve iç hacimde cömert marka."
markalar,012-mercedes-benz,1,Mercedes-Benz: Hem binek hem ticari tarafta güçlü; Vito ve Sprinter esnafın standardı.
markalar,013-kia,1,Kia: Sportage ve Ceed ile tasarım ve garanti tarafında iddialı.
markalar,014-chery,1,Chery: Türkiye’deki Çin markalarının en çok satanı; Tiggo ailesiyle SUV tarafında iddialı.
markalar,015-nissan,1,Nissan: Qashqai ile crossover sınıfını Türkiye’de yaygınlaştıran marka.
markalar,016-bmw,1,BMW: Premium segmentin sürüş odaklı tarafı; 3 Serisi Türkiye’de en bilinen modeli.
markalar,017-kg-mobility,1,KG Mobility: SsangYong’un yeni adı; Rexton ve Torres ile gerçek arazi kabiliyeti sunuyor.
markalar,018-volvo,1,Volvo: Güvenlik donanımı ve iç mekân sadeliğiyle premium segmentin alternatif tarafı.
markalar,019-audi,1,"Audi: VW Group’un premium markası; A3, A4 ve Q serisi Türkiye’de en bilinen modelleri."
markalar,020-omoda,1,Omoda: Chery’nin genç ve tasarım odaklı markası; Türkiye’de Jaecoo ile aynı çatı altında.
markalar,021-jaecoo,1,Jaecoo: Chery’nin arazi görünümlü SUV markası; Jaecoo 7 Türkiye’de en bilinen modeli.
markalar,022-dacia,1,"Dacia: Duster ve Sandero ile “ucuz alınır, ucuz kullanılır” tarafın en net temsilcisi."
markalar,023-byd,1,BYD: Dünyanın en büyük elektrikli araç üreticisi; Manisa’da fabrika yatırımı sürüyor.
markalar,024-jeep,1,Jeep: Gerçek arazi kabiliyetiyle ayrışan SUV markası; Renegade ve Compass yaygın.
markalar,025-honda,1,Honda: Civic ile Türkiye’de uzun yıllar üretildi; motor dayanıklılığıyla tanınıyor.
markalar,026-cupra,1,"Cupra: SEAT’in performans kolu olarak doğdu, 2018’den beri bağımsız marka."
markalar,027-tesla,1,Tesla: Türkiye’ye doğrudan satış yapıyor; Model Y elektrikli pazarın en bilinen aracı.
markalar,028-mini,1,Mini: BMW tekniğini kompakt ve karakterli bir gövdede sunuyor.
markalar,029-suzuki,1,"Suzuki: Vitara ve S-Cross ile hafif, ekonomik ve gerçek dört çeker sunan marka."
markalar,030-seat,1,SEAT: Grubun sportif tarafı; Ibiza ve Leon genç sürücüler arasında yaygın.
markalar,031-iveco,1,Iveco: Daily panelvan ve minibüsle hafif ticaride yerleşik bir marka.
markalar,032-mg,1,"MG: İngiliz kökenli, bugün Çin sermayeli; MG4 ve ZS ile fiyat/donanım dengesinde iddialı."
markalar,033-land-rover,1,Land Rover: Arazi kabiliyetiyle tanınan SUV markası; Evoque ve Discovery Sport yaygın.
markalar,034-isuzu,1,Isuzu: Anadolu Isuzu üretimi; D-Max pickup ve hafif kamyonetlerde güçlü.
markalar,035-porsche,1,Porsche: Grubun spor otomobil markası; Türkiye’de Cayenne ve Macan hacmi taşıyor.
markalar,036-alfa-romeo,1,"Alfa Romeo: Sürüş karakteri öne çıkan İtalyan markası; Giulia, Stelvio ve Tonale."
markalar,037-ds-automobiles,1,DS Automobiles: Citroën’den ayrılan premium Fransız markası; iç mekân işçiliğiyle ayrışıyor.
markalar,038-lexus,1,Lexus: Toyota’nın premium markası; hibrit teknolojisi ve sessizliğiyle tanınıyor.
markalar,039-subaru,1,Subaru: Boxer motor ve sürekli dört çeker ile ayrışan niş Japon markası.
markalar,040-maxus,1,Maxus: SAIC’in ticari araç markası; elektrikli panelvan tarafında öne çıkıyor.
markalar,041-forthing,1,Forthing: Dongfeng’in markası; T5 EVO ve M4 U-Tour ile Türkiye’de satışta.
markalar,042-swm,1,"SWM: İtalyan kökenli ad, Çin sermayesi; G01 Pro Türkiye’de montajlanıyor."
markalar,043-skywell,1,Skywell: Tam elektrikli SUV ET5 ile Türkiye’ye giren Çin markası.
markalar,044-dfsk,1,DFSK: Dongfeng’in hafif ticari markası; 2023’te Türkiye’ye döndü.
rehber,001-ikinci-el-arac-alirken,8,İkinci el araç alırken nelere bakmalı?
rehber,002-otomatik-sanziman-turleri,8,Otomatik şanzıman türleri ve farkları
rehber,003-yakit-tuketimi-neden-tutmuyor,8,Beyan edilen yakıt tüketimi neden tutmuyor?
rehber,004-yillik-arac-masrafi,8,Bir aracın yıllık masrafı neler?
site-tanitimi,001-arac-bulucu,1,Ne almak istediğinizi biliyor ama hangi model olduğunu bilmiyor musunuz? Araç bulucu tam bunun için.
site-tanitimi,002-kronik-arizalar,1,İkinci el araç alırken en çok neyi merak ediyorsunuz? Çoğumuz için cevap aynı: bu arabanın bilinen bir derdi var mı?
site-tanitimi,003-kasa-kodu-arama,1,"Aynı adı taşıyan iki araç bambaşka nesiller olabilir: motoru, şanzımanı, arızaları farklı."
site-tanitimi,004-maliyet-hesaplayici,1,"Aynı fiyattaki iki araç, bir yılın sonunda cebinizden çok farklı paralar çıkarabilir."
